sku,total_ventas,cv,clase_abc,clase_xyz,clase_abc_xyz,nivel_servicio
MASS3063,110807.64,5.159364656217604,AA,Z,AA-Z,0.95
MASS1377,82623.57,1.5066532947206446,AA,Z,AA-Z,0.95
MASS1039,54723.93,2.250081395873628,AA,Z,AA-Z,0.95
MASS1402,51680.09,1.9991483365530547,AA,Z,AA-Z,0.95
MASS1324,50163.39,3.205339763710436,AA,Z,AA-Z,0.95
MASS2603,48000.1,5.776417110164048,AA,Z,AA-Z,0.95
MASS1820,42593.94,1.8419267289407721,AA,Z,AA-Z,0.95
MASS1575,35811.46,2.89512922195874,AA,Z,AA-Z,0.95
MASS2211,34254.47,3.4352204079347963,AA,Z,AA-Z,0.95
MASS1904,33895.5,2.4911164793111866,AA,Z,AA-Z,0.95
MASS2303,32114.91,3.1821795711016176,AA,Z,AA-Z,0.95
MASS0518,31605.95,1.5663079338965902,AA,Z,AA-Z,0.95
MASS1041,31374.14,1.555023476714882,AA,Z,AA-Z,0.95
MASS1551,30794.16,1.4632223302008527,AA,Z,AA-Z,0.95
MASS0040,30448.94,1.8343235202841006,AA,Z,AA-Z,0.95
MASS0942,30444.65,1.5628487611804023,AA,Z,AA-Z,0.95
MASS1525,29395.14,1.575729512801341,AA,Z,AA-Z,0.95
MASS1061,28753.12,1.950500175302104,AA,Z,AA-Z,0.95
MASS0137,28695.37,2.11815793369294,AA,Z,AA-Z,0.95
MASS0889,28635.99,1.6271454869494018,AA,Z,AA-Z,0.95
MASS1655,27524.58,2.319996019242419,AA,Z,AA-Z,0.95
MASS1230,27328.72,2.330389949849451,AA,Z,AA-Z,0.95
MASS0850,26537.68,1.3455782719084357,AA,Z,AA-Z,0.95
MASS2304,25862.86,3.0755993552922867,AA,Z,AA-Z,0.95
MASS0292,25349.15,2.1230105671791026,AA,Z,AA-Z,0.95
MASS1526,24598.32,3.1764556855376975,AA,Z,AA-Z,0.95
MASS0902,22969.18,2.0541833932422064,AA,Z,AA-Z,0.95
MASS1410,22855.58,2.6271254832965556,AA,Z,AA-Z,0.95
MASS2306,22453.46,4.15540134392748,AA,Z,AA-Z,0.95
MASS1874,21617.21,2.570894713959158,AA,Z,AA-Z,0.95
MASS1328,21418.29,2.4492406661526798,AA,Z,AA-Z,0.95
MASS1099,21177.26,2.1489659066112115,AA,Z,AA-Z,0.95
MASS1265,20686.55,1.8165186132567595,AA,Z,AA-Z,0.95
MASS1784,20511.48,2.0297318461359084,AA,Z,AA-Z,0.95
MASS1282,19671.66,5.044853213604429,AA,Z,AA-Z,0.95
MASS2033,19293.31,2.6590286867674706,AA,Z,AA-Z,0.95
MASS1805,18339.99,2.2003836503829057,AA,Z,AA-Z,0.95
MASS1009,17774.94,1.9074886861690903,AA,Z,AA-Z,0.95
MASS1620,17648.3,3.6936932642086666,AA,Z,AA-Z,0.95
MASS0621,16930.21,1.52039317999438,AA,Z,AA-Z,0.95
MASS2235,16491.39,3.968854154741445,AA,Z,AA-Z,0.95
MASS1788,16427.57,2.395502440218793,AA,Z,AA-Z,0.95
MASS1873,16170.77,2.7759054381284995,AA,Z,AA-Z,0.95
MASS1918,16029.07,2.7588132995157473,AA,Z,AA-Z,0.95
MASS1011,15793.74,1.7029051765918741,AA,Z,AA-Z,0.95
MASS2215,15709.22,3.0228263060138194,AA,Z,AA-Z,0.95
MASS1983,15197.84,3.936325050297912,AA,Z,AA-Z,0.95
MASS1206,15030.76,1.8358575297704625,AA,Z,AA-Z,0.95
MASS0634,14960.75,2.519921454290758,AA,Z,AA-Z,0.95
MASS0334,14892.51,3.665047346499603,AA,Z,AA-Z,0.95
MASS1528,14759.4,2.7801631107648994,AA,Z,AA-Z,0.95
MASS1322,14641.25,2.5816557394061745,AA,Z,AA-Z,0.95
MASS1657,14630.119999999999,1.6686950324127148,AA,Z,AA-Z,0.95
MASS0274,14433.01,1.788921446691409,AA,Z,AA-Z,0.95
MASS0422,14426.6,1.6276475442623195,AA,Z,AA-Z,0.95
MASS1787,14327.99,3.8106111452826306,AA,Z,AA-Z,0.95
MASS1801,14135.43,2.7717528087670087,AA,Z,AA-Z,0.95
MASS1315,13996.38,1.9822084740738355,AA,Z,AA-Z,0.95
MASS0167,13908.16,2.088481284434869,AA,Z,AA-Z,0.95
MASS1806,13764.89,2.1444772497876365,AA,Z,AA-Z,0.95
MASS1777,13719.72,2.9838684775980853,AA,Z,AA-Z,0.95
MASS1818,13273.01,3.446950517594339,AA,Z,AA-Z,0.95
MASS0927,13081.96,1.3356758557780546,AA,Z,AA-Z,0.95
MASS0066,12994.86,1.8852575839176549,AA,Z,AA-Z,0.95
MASS0943,12911.66,2.045918261257671,AA,Z,AA-Z,0.95
MASS2328,12884.8,4.608519879175238,AA,Z,AA-Z,0.95
MASS1517,12775.43,1.841775115923578,AA,Z,AA-Z,0.95
MASS2123,12577.86,3.935972526197059,AA,Z,AA-Z,0.95
MASS2307,12567.99,4.430544439298825,AA,Z,AA-Z,0.95
MASS2080,12552.64,3.1297134140409177,AA,Z,AA-Z,0.95
MASS1283,12547.710000000001,2.856278920874584,AA,Z,AA-Z,0.95
MASS1823,12452.85,2.8519760619635215,AA,Z,AA-Z,0.95
MASS2651,12296.71,4.419626970226401,AA,Z,AA-Z,0.95
MASS1408,12131.52,2.912360617395061,AA,Z,AA-Z,0.95
MASS1979,12066.6,3.12620655622263,AA,Z,AA-Z,0.95
MASS2068,11995.97,5.2307140377298875,AA,Z,AA-Z,0.95
MASS0013,11979.41,2.9519401748495957,AA,Z,AA-Z,0.95
MASS2213,11962.13,4.646623399893769,AA,Z,AA-Z,0.95
MASS2582,11880.85,3.8678763746897005,AA,Z,AA-Z,0.95
MASS0752,11760.88,1.8201135693801265,AA,Z,AA-Z,0.95
MASS1917,11733.54,3.101078106668481,AA,Z,AA-Z,0.95
MASS0918,11709.38,2.1308750489108457,AA,Z,AA-Z,0.95
MASS1522,11706.8,2.3253674467143823,AA,Z,AA-Z,0.95
MASS1899,11572.24,2.8088639242938345,AA,Z,AA-Z,0.95
MASS1858,11555.39,10.180015186612428,AA,Z,AA-Z,0.95
MASS1836,11537.62,2.5653445982560354,AA,Z,AA-Z,0.95
MASS1545,11510.78,2.332170931218327,AA,Z,AA-Z,0.95
MASS0290,11502.69,2.1165972131456905,AA,Z,AA-Z,0.95
MASS1976,11470.75,2.162599407476993,AA,Z,AA-Z,0.95
MASS2308,11440.62,2.8082634178839427,AA,Z,AA-Z,0.95
MASS1214,11343.21,2.978386760591201,AA,Z,AA-Z,0.95
MASS2699,11204.7,7.455841518584709,AA,Z,AA-Z,0.95
MASS1885,11085.16,3.070656011350704,AA,Z,AA-Z,0.95
MASS2126,11061.52,4.279936783139332,AA,Z,AA-Z,0.95
MASS0825,10659.17,2.216045724221546,AA,Z,AA-Z,0.95
MASS1335,10382.54,2.697759025577576,AA,Z,AA-Z,0.95
MASS1905,10365.38,2.3121433275400407,AA,Z,AA-Z,0.95
MASS1407,10328.12,3.1892098487368363,AA,Z,AA-Z,0.95
MASS0607,10263.64,1.9061158824809736,AA,Z,AA-Z,0.95
MASS1058,10261.64,2.4271895019291594,AA,Z,AA-Z,0.95
MASS0615,10052.91,1.8906688029419476,AA,Z,AA-Z,0.95
MASS1736,9886.869999999999,3.939337748942113,AA,Z,AA-Z,0.95
MASS0288,9781.41,3.1780884503338527,AA,Z,AA-Z,0.95
MASS0834,9593.94,3.3639000123797462,AA,Z,AA-Z,0.95
MASS1906,9575.6,2.6109534676816923,AA,Z,AA-Z,0.95
MASS0283,9407.4,1.6073432931374072,AA,Z,AA-Z,0.95
MASS1409,9286.13,4.272300913628494,AA,Z,AA-Z,0.95
MASS2233,9032.25,3.5921284268421285,AA,Z,AA-Z,0.95
MASS1743,8671.93,4.615316822782922,AA,Z,AA-Z,0.95
MASS1786,8577.08,1.7971267770617914,AA,Z,AA-Z,0.95
MASS1778,8482.29,3.1150304973700846,AA,Z,AA-Z,0.95
MASS2294,8467.72,2.61841474633494,AA,Z,AA-Z,0.95
MASS2020,8421.71,2.7583180289559035,AA,Z,AA-Z,0.95
MASS0616,8373.68,1.9946906847864359,AA,Z,AA-Z,0.95
MASS1347,8318.16,1.862776033028288,AA,Z,AA-Z,0.95
MASS0409,8314.82,4.056891784866983,AA,Z,AA-Z,0.95
MASS1378,8282.52,2.2350358729424498,AA,Z,AA-Z,0.95
MASS1064,8187.19,1.6618447616721885,AA,Z,AA-Z,0.95
MASS1060,8165.9,2.9972230785021363,AA,Z,AA-Z,0.95
MASS2305,8129.34,3.410530485998034,AA,Z,AA-Z,0.95
MASS2016,8127.97,4.684513137932521,AA,Z,AA-Z,0.95
MASS1819,8052.33,2.097323035753609,AA,Z,AA-Z,0.95
MASS0291,7967.36,1.7841461703609425,AA,Z,AA-Z,0.95
MASS2652,7950.67,4.996687612221563,AA,Z,AA-Z,0.95
MASS1989,7937.57,4.2451485632910595,AA,Z,AA-Z,0.95
MASS1418,7861.27,2.0819831860871982,AA,Z,AA-Z,0.95
MASS2059,7803.1,3.3900282513475064,AA,Z,AA-Z,0.95
MASS1663,7793.07,1.995024069329924,AA,Z,AA-Z,0.95
MASS0733,7643.41,1.684877602796133,AA,Z,AA-Z,0.95
MASS1837,7642.97,2.9564025275558916,AA,Z,AA-Z,0.95
MASS2129,7639.36,3.629923531195307,AA,Z,AA-Z,0.95
MASS1896,7582.26,3.751251379312334,AA,Z,AA-Z,0.95
MASS2138,7508.93,2.8660878660477196,AA,Z,AA-Z,0.95
MASS1266,7482.61,2.776097688271907,AA,Z,AA-Z,0.95
MASS1264,7444.27,1.86153846215694,AA,Z,AA-Z,0.95
MASS1794,7370.6,2.274678347694671,AA,Z,AA-Z,0.95
MASS1071,7310.28,2.145582322486296,AA,Z,AA-Z,0.95
MASS1841,7266.26,3.7801515293991677,AA,Z,AA-Z,0.95
MASS2477,7220.74,6.348588282066083,A,Z,A-Z,0.9
MASS0992,7206.29,2.3977925230201915,A,Z,A-Z,0.9
MASS1014,7199.19,1.676145222276655,A,Z,A-Z,0.9
MASS1907,7198.58,2.590789770812366,A,Z,A-Z,0.9
MASS1379,7167.16,2.302783228667687,A,Z,A-Z,0.9
MASS0058,7158.35,1.8503543776512066,A,Z,A-Z,0.9
MASS1671,7136.84,1.632761594542434,A,Z,A-Z,0.9
MASS2113,7118.86,4.985019001090566,A,Z,A-Z,0.9
MASS1900,7071.68,2.377054516377744,A,Z,A-Z,0.9
MASS2056,7024.68,2.9166539292704607,A,Z,A-Z,0.9
MASS1417,7005.3099999999995,2.264407217054332,A,Z,A-Z,0.9
MASS0818,7004.34,3.37199049694399,A,Z,A-Z,0.9
MASS1875,6999.3,2.4236995120720173,A,Z,A-Z,0.9
MASS1842,6982.33,3.9652848533468195,A,Z,A-Z,0.9
MASS0704,6975.32,2.166264698213852,A,Z,A-Z,0.9
MASS1785,6949.46,2.8493004331764586,A,Z,A-Z,0.9
MASS1835,6922.24,4.6502225676484175,A,Z,A-Z,0.9
MASS0722,6915.44,1.3461097652695928,A,Z,A-Z,0.9
MASS2137,6913.97,2.9185431686389127,A,Z,A-Z,0.9
MASS1059,6876.64,2.4744064485912864,A,Z,A-Z,0.9
MASS2214,6726.94,3.9916339841610444,A,Z,A-Z,0.9
MASS2139,6710.4800000000005,3.158558598825388,A,Z,A-Z,0.9
MASS1800,6692.09,3.759797853710442,A,Z,A-Z,0.9
MASS2134,6678.0599999999995,3.3074163101865626,A,Z,A-Z,0.9
MASS1301,6655.03,1.8607271134950527,A,Z,A-Z,0.9
MASS0061,6621.41,2.1271150786444584,A,Z,A-Z,0.9
MASS0759,6618.24,3.850819904879768,A,Z,A-Z,0.9
MASS2293,6526.32,5.080682527896885,A,Z,A-Z,0.9
MASS1083,6515.4,1.8524460024797824,A,Z,A-Z,0.9
MASS0701,6470.82,1.5245600768176795,A,Z,A-Z,0.9
MASS1291,6397.33,1.8626399574900623,A,Z,A-Z,0.9
MASS0497,6359.86,1.3952089675176853,A,Z,A-Z,0.9
MASS1897,6356.45,2.816176674825248,A,Z,A-Z,0.9
MASS2035,6286.87,3.2961510191147703,A,Z,A-Z,0.9
MASS1449,6193.76,2.5113369644329415,A,Z,A-Z,0.9
MASS1648,6086.99,1.6748761839039636,A,Z,A-Z,0.9
MASS1336,6060.26,4.628224335720808,A,Z,A-Z,0.9
MASS1815,6027.84,3.089621511540803,A,Z,A-Z,0.9
MASS1602,6016.93,2.248708975524909,A,Z,A-Z,0.9
MASS0438,5987.66,2.8477424890873113,A,Z,A-Z,0.9
MASS1881,5974.33,4.0502656982815095,A,Z,A-Z,0.9
MASS0993,5969.52,2.9642639009524654,A,Z,A-Z,0.9
MASS1638,5940.46,1.6513575855920828,A,Z,A-Z,0.9
MASS0823,5939.5199999999995,1.938703496708346,A,Z,A-Z,0.9
MASS1362,5906.33,3.1431969870568373,A,Z,A-Z,0.9
MASS1276,5904.8,3.259115883162623,A,Z,A-Z,0.9
MASS0519,5901.9800000000005,1.4226462925605936,A,Z,A-Z,0.9
MASS0200,5900.3,2.3477834353430733,A,Z,A-Z,0.9
MASS1745,5875.04,2.840934025235934,A,Z,A-Z,0.9
MASS2034,5874.58,3.0282305399460947,A,Z,A-Z,0.9
MASS1343,5822.38,2.3578790455549816,A,Z,A-Z,0.9
MASS1982,5805.24,2.7955064697438683,A,Z,A-Z,0.9
MASS1993,5759.61,4.2644671344955425,A,Z,A-Z,0.9
MASS2150,5748.56,2.844208805224959,A,Z,A-Z,0.9
MASS0025,5713.61,2.0730564365548374,A,Z,A-Z,0.9
MASS1746,5713.25,2.917589003164625,A,Z,A-Z,0.9
MASS0289,5696.46,1.8179645235014747,A,Z,A-Z,0.9
MASS2456,5695.03,4.3340590538745705,A,Z,A-Z,0.9
MASS1351,5682.24,2.556994379851501,A,Z,A-Z,0.9
MASS1656,5639.27,1.8798422144381288,A,Z,A-Z,0.9
MASS1231,5614.08,2.119522759502412,A,Z,A-Z,0.9
MASS2216,5600.02,3.867742997827694,A,Z,A-Z,0.9
MASS1829,5597.18,2.798885179869157,A,Z,A-Z,0.9
MASS0461,5554.64,2.840417941163932,A,Z,A-Z,0.9
MASS1795,5550.86,1.9849592892513341,A,Z,A-Z,0.9
MASS2601,5537.03,6.993480851792574,A,Z,A-Z,0.9
MASS1848,5529.41,3.9513149207592537,A,Z,A-Z,0.9
MASS1215,5516.22,2.4016112113109926,A,Z,A-Z,0.9
MASS2342,5437.22,3.3207969948071963,A,Z,A-Z,0.9
MASS1859,5396.08,2.4435240563497738,A,Z,A-Z,0.9
MASS2732,5389.5599999999995,8.345641082968188,A,Z,A-Z,0.9
MASS1527,5380.31,2.6569534425248555,A,Z,A-Z,0.9
MASS2052,5378.9,2.6875718552801526,A,Z,A-Z,0.9
MASS1477,5375.81,2.1262193709056616,A,Z,A-Z,0.9
MASS2128,5312.09,3.974829575229713,A,Z,A-Z,0.9
MASS1843,5197.95,3.4325151054669902,A,Z,A-Z,0.9
MASS1203,5188.34,2.8254655525919348,A,Z,A-Z,0.9
MASS1523,5187.01,1.3095720511274667,A,Z,A-Z,0.9
MASS2132,5180.35,3.2206259234812253,A,Z,A-Z,0.9
MASS0730,5121.13,2.302482516718265,A,Z,A-Z,0.9
MASS2141,5106.9,2.3787942973193936,A,Z,A-Z,0.9
MASS2463,5080.95,5.082913808736367,A,Z,A-Z,0.9
MASS1738,5080.36,5.410454533653526,A,Z,A-Z,0.9
MASS2061,5049.58,3.673591060178035,A,Z,A-Z,0.9
MASS3066,4951.97,8.22670342370311,A,Z,A-Z,0.9
MASS1414,4938.06,2.6741655510490694,A,Z,A-Z,0.9
MASS0128,4934.51,2.049526659069278,A,Z,A-Z,0.9
MASS2131,4930.5,3.4623662115709357,A,Z,A-Z,0.9
MASS1554,4927.46,2.4849987826833733,A,Z,A-Z,0.9
MASS1476,4910.41,1.8880666932223136,A,Z,A-Z,0.9
MASS0584,4898.34,1.663109769732047,A,Z,A-Z,0.9
MASS2604,4895.88,4.166901351697655,A,Z,A-Z,0.9
MASS1919,4881.83,2.0735688445381943,A,Z,A-Z,0.9
MASS1880,4861.8,2.7236736183911896,A,Z,A-Z,0.9
MASS1406,4856.48,2.77026848112559,A,Z,A-Z,0.9
MASS0247,4832.72,2.991795051977117,A,Z,A-Z,0.9
MASS1356,4816.88,4.322580106480117,A,Z,A-Z,0.9
MASS1348,4814.37,1.9602530999540864,A,Z,A-Z,0.9
MASS2462,4809.6,4.54652196014023,A,Z,A-Z,0.9
MASS1879,4807.84,3.9490846571633678,A,Z,A-Z,0.9
MASS1125,4793.11,1.8787861403966846,A,Z,A-Z,0.9
MASS1990,4725.23,2.0236626949987504,A,Z,A-Z,0.9
MASS2019,4699.05,2.7032568271620554,A,Z,A-Z,0.9
MASS1355,4684.97,2.4711354248499218,A,Z,A-Z,0.9
MASS0158,4670.01,2.630647521203232,A,Z,A-Z,0.9
MASS1562,4640.9,2.658286426609611,A,Z,A-Z,0.9
MASS0423,4636.03,3.7264027265637063,A,Z,A-Z,0.9
MASS1357,4631.52,2.101145048522007,A,Z,A-Z,0.9
MASS0609,4619.91,1.7773189272014303,A,Z,A-Z,0.9
MASS1876,4613.13,4.733953860034566,A,Z,A-Z,0.9
MASS2221,4567.13,6.150962546660148,A,Z,A-Z,0.9
MASS0234,4536.44,2.28002464465258,A,Z,A-Z,0.9
MASS1747,4518.85,3.232783484997607,A,Z,A-Z,0.9
MASS2125,4501.65,3.00905798261731,A,Z,A-Z,0.9
MASS2330,4491.64,2.755208278237442,A,Z,A-Z,0.9
MASS1325,4458.3,10.452609861496311,A,Z,A-Z,0.9
MASS0113,4458.17,3.8072110758070066,A,Z,A-Z,0.9
MASS2476,4426.43,4.183049768629261,A,Z,A-Z,0.9
MASS2084,4422.78,3.685470390541957,A,Z,A-Z,0.9
MASS1838,4403.0599999999995,4.216328105553663,A,Z,A-Z,0.9
MASS1205,4397.08,2.0330832024585446,A,Z,A-Z,0.9
MASS0359,4397.0,3.202280626832405,A,Z,A-Z,0.9
MASS1556,4389.34,2.7949534357595818,A,Z,A-Z,0.9
MASS1089,4358.09,2.840574062471281,A,Z,A-Z,0.9
MASS1839,4335.66,3.830598846937385,A,Z,A-Z,0.9
MASS1344,4322.84,2.3413920094204284,A,Z,A-Z,0.9
MASS0427,4311.08,1.9865047223922239,A,Z,A-Z,0.9
MASS2136,4307.95,3.7353744277674834,A,Z,A-Z,0.9
MASS0702,4250.7,1.3150361524897927,A,Z,A-Z,0.9
MASS1327,4238.5,5.326129257058548,A,Z,A-Z,0.9
MASS2114,4233.7300000000005,5.2178069385218935,A,Z,A-Z,0.9
MASS0783,4222.41,1.6642910495824557,A,Z,A-Z,0.9
MASS1856,4216.59,3.119998446006095,A,Z,A-Z,0.9
MASS1647,4193.63,2.450210700136106,A,Z,A-Z,0.9
MASS2085,4178.47,3.1493436121948384,A,Z,A-Z,0.9
MASS1980,4176.61,1.7494756616262308,A,Z,A-Z,0.9
MASS0994,4161.58,2.156054358992755,A,Z,A-Z,0.9
MASS2475,4152.5,3.9647505928476185,A,Z,A-Z,0.9
MASS0822,4141.16,1.8060691541491303,A,Z,A-Z,0.9
MASS0795,4114.97,2.2628402699058645,A,Z,A-Z,0.9
MASS2309,4110.96,7.68248502319967,A,Z,A-Z,0.9
MASS1319,4076.1,8.129744365140315,A,Z,A-Z,0.9
MASS2142,4070.68,2.1488886676152847,A,Z,A-Z,0.9
MASS1326,4066.08,8.492521725963933,A,Z,A-Z,0.9
MASS1040,4062.07,2.5416049543193333,A,Z,A-Z,0.9
MASS1361,4059.45,1.9517685649174428,A,Z,A-Z,0.9
MASS1840,4058.99,4.057545221538974,A,Z,A-Z,0.9
MASS1830,4056.2,2.1550081598402206,A,Z,A-Z,0.9
MASS2081,4045.43,3.7283861215605487,A,Z,A-Z,0.9
MASS2474,4014.3,6.084085824223008,A,Z,A-Z,0.9
MASS2133,3979.38,3.827390975050871,A,Z,A-Z,0.9
MASS1267,3941.0099999999998,2.7103586901510806,A,Z,A-Z,0.9
MASS0208,3914.5,2.2505899089470307,A,Z,A-Z,0.9
MASS1124,3877.37,2.3672749454311997,A,Z,A-Z,0.9
MASS0238,3869.35,2.5493823329549645,A,Z,A-Z,0.9
MASS0541,3867.19,2.8579585287319222,A,Z,A-Z,0.9
MASS2600,3849.58,5.573042441853089,A,Z,A-Z,0.9
MASS1857,3841.85,2.306214524133663,A,Z,A-Z,0.9
MASS1478,3831.18,4.831965558286047,A,Z,A-Z,0.9
MASS1013,3817.19,2.4411387048415247,A,Z,A-Z,0.9
MASS2585,3799.31,3.5474626064637853,A,Z,A-Z,0.9
MASS2324,3795.39,3.812639402822129,A,Z,A-Z,0.9
MASS2116,3786.36,5.602868553356662,A,Z,A-Z,0.9
MASS2377,3780.81,2.616433935352173,A,Z,A-Z,0.9
MASS2195,3760.41,3.6497466347765455,A,Z,A-Z,0.9
MASS1910,3734.98,1.9702607342847571,A,Z,A-Z,0.9
MASS2431,3731.58,5.748235857004077,A,Z,A-Z,0.9
MASS2135,3714.52,3.4901741693609827,A,Z,A-Z,0.9
MASS1224,3713.62,6.1525217909795975,A,Z,A-Z,0.9
MASS2083,3713.09,3.043422777552229,A,Z,A-Z,0.9
MASS1799,3705.91,3.501867889744471,A,Z,A-Z,0.9
MASS1443,3700.2,2.411965185948176,A,Z,A-Z,0.9
MASS2335,3697.34,3.6467826527822877,A,Z,A-Z,0.9
MASS2599,3687.53,5.615220348892916,A,Z,A-Z,0.9
MASS2140,3684.74,2.1390262418455532,A,Z,A-Z,0.9
MASS1171,3676.21,2.7871484429404467,A,Z,A-Z,0.9
MASS2124,3669.12,4.6295382181676805,A,Z,A-Z,0.9
MASS1349,3666.8,2.8467894539545537,A,Z,A-Z,0.9
MASS2041,3629.34,3.1530407518071595,A,Z,A-Z,0.9
MASS0934,3608.07,2.682838204864802,A,Z,A-Z,0.9
MASS0122,3607.55,3.2274842133316017,A,Z,A-Z,0.9
MASS0753,3603.08,1.752160483076229,A,Z,A-Z,0.9
MASS1147,3579.41,1.8661818450253838,A,Z,A-Z,0.9
MASS1404,3578.9,10.757003594983605,A,Z,A-Z,0.9
MASS1365,3573.44,1.9031632685185442,A,Z,A-Z,0.9
MASS1737,3567.3,7.611861218235246,A,Z,A-Z,0.9
MASS2343,3543.57,4.3910262118225525,A,Z,A-Z,0.9
MASS0830,3533.72,2.283455526123511,A,Z,A-Z,0.9
MASS2127,3526.39,4.387455490872369,A,Z,A-Z,0.9
MASS2605,3509.73,6.4681697925561545,A,Z,A-Z,0.9
MASS1462,3497.05,7.4924108534501395,A,Z,A-Z,0.9
MASS2226,3493.95,2.9335142294398113,A,Z,A-Z,0.9
MASS1419,3489.41,3.937829043611555,A,Z,A-Z,0.9
MASS2118,3488.46,2.8313193576431006,A,Z,A-Z,0.9
MASS1865,3456.27,2.422508861442955,A,Z,A-Z,0.9
MASS1005,3449.92,2.263601925170256,A,Z,A-Z,0.9
MASS2042,3439.38,3.1125146786507427,A,Z,A-Z,0.9
MASS0956,3411.5499999999997,3.0506624178957007,A,Z,A-Z,0.9
MASS0793,3410.4700000000003,2.685468163651162,A,Z,A-Z,0.9
MASS0952,3407.87,1.947732952725041,A,Z,A-Z,0.9
MASS0127,3406.77,2.137056422565584,A,Z,A-Z,0.9
MASS2115,3389.2,6.62487088803441,A,Z,A-Z,0.9
MASS2345,3360.88,3.8434671500903526,A,Z,A-Z,0.9
MASS1555,3358.64,11.110251792880831,A,Z,A-Z,0.9
MASS2480,3354.27,4.165715486898039,A,Z,A-Z,0.9
MASS1898,3346.21,2.1365701157810677,A,Z,A-Z,0.9
MASS0763,3339.3,2.859565090439957,A,Z,A-Z,0.9
MASS1687,3318.37,1.865008003585459,A,Z,A-Z,0.9
MASS0329,3309.41,1.9804069620714877,A,Z,A-Z,0.9
MASS0737,3309.17,4.277470018445177,A,Z,A-Z,0.9
MASS0239,3305.86,2.0875333142938453,A,Z,A-Z,0.9
MASS1403,3298.3,10.85396053759815,A,Z,A-Z,0.9
MASS1908,3286.7,2.1863016626139595,A,Z,A-Z,0.9
MASS1821,3276.04,3.166244155127178,A,Z,A-Z,0.9
MASS0951,3260.9700000000003,4.486386026020062,A,Z,A-Z,0.9
MASS2588,3236.31,4.602311879100147,A,Z,A-Z,0.9
MASS2393,3230.2,5.437592146270366,A,Z,A-Z,0.9
MASS1988,3200.0,11.916375287812983,A,Z,A-Z,0.9
MASS1987,3200.0,11.916375287812983,A,Z,A-Z,0.9
MASS1985,3200.0,11.916375287812983,A,Z,A-Z,0.9
MASS1984,3200.0,11.916375287812983,A,Z,A-Z,0.9
MASS1986,3200.0,11.916375287812983,A,Z,A-Z,0.9
MASS1461,3198.2999999999997,5.708951703581314,A,Z,A-Z,0.9
MASS1439,3189.2,2.2817871155540375,A,Z,A-Z,0.9
MASS2193,3188.01,2.7515639033791293,A,Z,A-Z,0.9
MASS0610,3187.36,1.8823948573807625,A,Z,A-Z,0.9
MASS2219,3176.1,6.520491195230133,A,Z,A-Z,0.9
MASS0919,3171.59,1.636014817980179,A,Z,A-Z,0.9
MASS2060,3163.81,3.9778987100439207,A,Z,A-Z,0.9
MASS2470,3156.1800000000003,5.561232952466476,A,Z,A-Z,0.9
MASS2065,3123.22,3.6166770558940606,A,Z,A-Z,0.9
MASS0721,3096.21,1.134778449219514,A,Z,A-Z,0.9
MASS1376,3095.05,3.974448532155345,A,Z,A-Z,0.9
MASS1735,3084.43,2.941982820724722,A,Z,A-Z,0.9
MASS0842,3060.18,2.0275664567658835,A,Z,A-Z,0.9
MASS0688,3042.0099999999998,2.4339275705239665,A,Z,A-Z,0.9
MASS1709,3027.9,2.0226162256154243,A,Z,A-Z,0.9
MASS2353,3020.67,3.8533717235885474,A,Z,A-Z,0.9
MASS1571,3013.93,5.191227999118419,A,Z,A-Z,0.9
MASS1750,3002.56,3.654710329533514,A,Z,A-Z,0.9
MASS2231,2996.8,4.6463355435564155,A,Z,A-Z,0.9
MASS2606,2996.56,5.502668203695846,A,Z,A-Z,0.9
MASS0408,2973.9,4.246072665233397,A,Z,A-Z,0.9
MASS1268,2938.38,3.4640757286633415,A,Z,A-Z,0.9
MASS2224,2937.55,3.3314642543444295,A,Z,A-Z,0.9
MASS1323,2936.14,4.5802873469082686,A,Z,A-Z,0.9
MASS1651,2931.86,2.1420068805523726,A,Z,A-Z,0.9
MASS1307,2922.37,2.959625000528961,A,Z,A-Z,0.9
MASS2063,2916.55,2.8445142145894318,A,Z,A-Z,0.9
MASS2622,2906.65,5.260585410888053,A,Z,A-Z,0.9
MASS2800,2902.0,8.826765467338618,A,Z,A-Z,0.9
MASS2067,2901.39,2.3404234497601433,A,Z,A-Z,0.9
MASS0826,2895.27,2.419093403023867,A,Z,A-Z,0.9
MASS1825,2882.4,4.420294659396196,A,Z,A-Z,0.9
MASS1019,2881.02,2.533253222824729,A,Z,A-Z,0.9
MASS0006,2874.32,3.7056001882953606,A,Z,A-Z,0.9
MASS2082,2836.69,3.968759364539127,A,Z,A-Z,0.9
MASS0907,2814.18,2.4705318486942844,A,Z,A-Z,0.9
MASS0745,2812.29,1.6161519109398788,A,Z,A-Z,0.9
MASS2396,2806.12,4.1751470656050085,A,Z,A-Z,0.9
MASS2478,2805.55,4.488634348945833,A,Z,A-Z,0.9
MASS0626,2793.52,3.062289425821889,A,Z,A-Z,0.9
MASS1042,2790.41,2.1885698513916623,A,Z,A-Z,0.9
MASS2394,2786.85,5.020495647482531,A,Z,A-Z,0.9
MASS1767,2756.8,5.357703074013933,A,Z,A-Z,0.9
MASS1539,2753.93,1.9769780014515888,A,Z,A-Z,0.9
MASS1781,2743.39,2.197367624426347,A,Z,A-Z,0.9
MASS1496,2742.11,2.3419426202094353,A,Z,A-Z,0.9
MASS2457,2738.14,3.7885290080509,A,Z,A-Z,0.9
MASS0237,2723.18,2.1865886303387203,A,Z,A-Z,0.9
MASS1536,2721.33,1.9971362417083665,A,Z,A-Z,0.9
MASS1269,2711.17,4.045692629025185,A,Z,A-Z,0.9
MASS1358,2695.5099999999998,2.8124752215417663,A,Z,A-Z,0.9
MASS1844,2687.92,5.966801773501055,A,Z,A-Z,0.9
MASS0817,2686.15,3.5419272778822557,A,Z,A-Z,0.9
MASS1000,2682.38,3.6851371532806616,A,Z,A-Z,0.9
MASS1320,2670.94,4.8867876498543525,A,Z,A-Z,0.9
MASS2073,2663.54,5.771880969760032,A,Z,A-Z,0.9
MASS0364,2658.66,1.8976202231139885,A,Z,A-Z,0.9
MASS2117,2645.51,5.099911641310223,A,Z,A-Z,0.9
MASS0614,2639.35,1.7999279975815883,A,Z,A-Z,0.9
MASS1754,2639.35,3.886280889131775,A,Z,A-Z,0.9
MASS2369,2625.7599999999998,3.096595479854184,A,Z,A-Z,0.9
MASS0439,2622.71,3.585713047089898,A,Z,A-Z,0.9
MASS1878,2616.7599999999998,2.23052620121,A,Z,A-Z,0.9
MASS1399,2605.3199999999997,5.287813965086316,A,Z,A-Z,0.9
MASS2017,2604.27,2.593365690987611,A,Z,A-Z,0.9
MASS2038,2591.41,2.915112045774344,A,Z,A-Z,0.9
MASS2323,2587.3,3.4796405981424128,A,Z,A-Z,0.9
MASS2362,2584.04,3.76955853349229,A,Z,A-Z,0.9
MASS1991,2578.64,2.72187236348815,A,Z,A-Z,0.9
MASS1884,2577.86,3.6756824727404065,A,Z,A-Z,0.9
MASS1541,2576.21,1.7900159048391435,A,Z,A-Z,0.9
MASS2678,2570.5,7.868673863415255,A,Z,A-Z,0.9
MASS0287,2562.11,2.32525535111104,A,Z,A-Z,0.9
MASS1416,2560.61,2.9234754143756048,A,Z,A-Z,0.9
MASS1400,2553.15,4.1523435280951615,A,Z,A-Z,0.9
MASS2653,2552.98,11.916375287812986,A,Z,A-Z,0.9
MASS1644,2552.63,2.0806390619388093,A,Z,A-Z,0.9
MASS0182,2551.01,3.51227209085056,A,Z,A-Z,0.9
MASS1861,2542.66,2.6249681901759194,A,Z,A-Z,0.9
MASS0367,2536.1,1.490606057125249,A,Z,A-Z,0.9
MASS0407,2532.98,2.31656291333787,A,Z,A-Z,0.9
MASS2586,2521.08,6.159488899673196,A,Z,A-Z,0.9
MASS1694,2504.98,2.0315281473263362,A,Z,A-Z,0.9
MASS1882,2504.88,3.7014160426418723,A,Z,A-Z,0.9
MASS2361,2491.25,5.224313985505868,A,Z,A-Z,0.9
MASS2234,2483.43,3.8890450245150197,A,Z,A-Z,0.9
MASS2212,2463.92,4.976761979820877,A,Z,A-Z,0.9
MASS2243,2455.06,3.9327298721138857,A,Z,A-Z,0.9
MASS1401,2449.49,4.712526497697395,A,Z,A-Z,0.9
MASS0440,2447.39,3.590286787387255,A,Z,A-Z,0.9
MASS1722,2446.94,2.367460065040353,A,Z,A-Z,0.9
MASS1426,2427.7,3.3920228130856738,A,Z,A-Z,0.9
MASS1931,2414.66,2.686005229860441,A,Z,A-Z,0.9
MASS2200,2403.42,3.8582241618380135,A,Z,A-Z,0.9
MASS1558,2401.96,3.223124986244057,A,Z,A-Z,0.9
MASS1742,2391.29,2.735375428407133,A,Z,A-Z,0.9
MASS1470,2389.25,3.299102496965259,A,Z,A-Z,0.9
MASS0009,2370.96,7.357226762910451,A,Z,A-Z,0.9
MASS1832,2360.88,5.95080638328525,A,Z,A-Z,0.9
MASS1405,2355.91,4.47158385218583,A,Z,A-Z,0.9
MASS2225,2355.54,2.8908574852812596,A,Z,A-Z,0.9
MASS2589,2355.52,4.061573589588236,A,Z,A-Z,0.9
MASS1822,2353.2599999999998,2.909520344752331,A,Z,A-Z,0.9
MASS1718,2350.17,1.705984463425399,A,Z,A-Z,0.9
MASS0700,2340.33,1.4421844473626444,A,Z,A-Z,0.9
MASS0821,2340.04,2.4019440114429202,A,Z,A-Z,0.9
MASS1834,2337.06,6.071593716092408,A,Z,A-Z,0.9
MASS2395,2335.6,6.838232236436768,A,Z,A-Z,0.9
MASS1676,2331.25,6.371737101289039,A,Z,A-Z,0.9
MASS1831,2317.42,5.777043687214908,A,Z,A-Z,0.9
MASS1107,2312.06,3.190392609698037,A,Z,A-Z,0.9
MASS0820,2310.71,3.4531815747046637,A,Z,A-Z,0.9
MASS0593,2310.22,3.3217922249141942,A,Z,A-Z,0.9
MASS1810,2308.72,3.384632249136784,A,Z,A-Z,0.9
MASS0021,2307.56,3.3576769130017783,A,Z,A-Z,0.9
MASS1452,2291.61,3.437806341882329,A,Z,A-Z,0.9
MASS1792,2290.77,2.168310570194403,A,Z,A-Z,0.9
MASS2405,2278.68,3.767664304967834,A,Z,A-Z,0.9
MASS0805,2278.21,8.19421116154502,A,Z,A-Z,0.9
MASS1518,2271.88,4.320252731157594,A,Z,A-Z,0.9
MASS2006,2262.17,6.222306652584892,A,Z,A-Z,0.9
MASS1295,2254.48,2.440557080152715,A,Z,A-Z,0.9
MASS0781,2253.11,1.8794922285686055,A,Z,A-Z,0.9
MASS1537,2252.31,4.036706632614021,A,Z,A-Z,0.9
MASS2152,2251.19,2.839229423387852,A,Z,A-Z,0.9
MASS1691,2250.6,1.9512782976354868,A,Z,A-Z,0.9
MASS1883,2243.59,3.438055789170279,A,Z,A-Z,0.9
MASS0663,2238.67,5.327621087132945,A,Z,A-Z,0.9
MASS2197,2228.42,6.593406315091382,A,Z,A-Z,0.9
MASS2602,2225.98,5.392760931339875,A,Z,A-Z,0.9
MASS1363,2225.16,10.582177859886368,A,Z,A-Z,0.9
MASS1753,2195.05,4.600808537672823,A,Z,A-Z,0.9
MASS1849,2194.53,5.249260852997295,A,Z,A-Z,0.9
MASS0953,2183.2,3.1336852448405166,A,Z,A-Z,0.9
MASS1430,2176.16,3.470492425858444,A,Z,A-Z,0.9
MASS2432,2173.96,7.422570001536464,A,Z,A-Z,0.9
MASS1864,2169.32,4.091655768277567,A,Z,A-Z,0.9
MASS0906,2158.72,2.6531271138210846,A,Z,A-Z,0.9
MASS1824,2145.57,4.572454681785906,A,Z,A-Z,0.9
MASS1424,2140.7,3.7678185292088413,B,Z,B-Z,0.85
MASS1802,2134.56,2.7557511683576985,B,Z,B-Z,0.85
MASS0841,2131.86,1.772576879822528,B,Z,B-Z,0.85
MASS1723,2128.69,2.024635253269252,B,Z,B-Z,0.85
MASS0881,2122.54,1.8269433973337763,B,Z,B-Z,0.85
MASS1415,2118.67,2.9669223607136472,B,Z,B-Z,0.85
MASS1813,2116.19,2.652718588753082,B,Z,B-Z,0.85
MASS1686,2112.9,2.5273184630489487,B,Z,B-Z,0.85
MASS2397,2104.14,4.42910851345656,B,Z,B-Z,0.85
MASS2366,2096.09,3.932596550899098,B,Z,B-Z,0.85
MASS1978,2092.81,2.593204357213434,B,Z,B-Z,0.85
MASS2187,2087.47,3.1645589608357296,B,Z,B-Z,0.85
MASS1895,2076.52,4.947464587371649,B,Z,B-Z,0.85
MASS2036,2074.21,3.1221765863236817,B,Z,B-Z,0.85
MASS2232,2073.65,3.558630636991354,B,Z,B-Z,0.85
MASS1604,2069.39,3.627672880781005,B,Z,B-Z,0.85
MASS1454,2067.14,3.657627181993702,B,Z,B-Z,0.85
MASS1804,2061.63,4.643162598775798,B,Z,B-Z,0.85
MASS1429,2059.16,3.423360184139936,B,Z,B-Z,0.85
MASS0550,2052.29,6.2509583549521555,B,Z,B-Z,0.85
MASS0505,2039.14,4.300450548420112,B,Z,B-Z,0.85
MASS1670,2036.43,2.4259693518389214,B,Z,B-Z,0.85
MASS2733,2016.18,7.022123469395698,B,Z,B-Z,0.85
MASS0742,2015.52,4.7255550747379305,B,Z,B-Z,0.85
MASS0601,2012.03,2.129147525894799,B,Z,B-Z,0.85
MASS2410,2007.26,3.3069662812806464,B,Z,B-Z,0.85
MASS2018,2007.25,2.8070940672393387,B,Z,B-Z,0.85
MASS0950,1999.1499999999999,3.068762035162223,B,Z,B-Z,0.85
MASS2321,1964.73,4.3941044577193,B,Z,B-Z,0.85
MASS1570,1963.09,4.012510277097747,B,Z,B-Z,0.85
MASS1649,1959.96,1.9438196297129267,B,Z,B-Z,0.85
MASS1054,1957.99,2.5561223139122666,B,Z,B-Z,0.85
MASS1082,1940.32,2.6545319053361425,B,Z,B-Z,0.85
MASS1739,1929.34,2.818992245991082,B,Z,B-Z,0.85
MASS1314,1927.9,3.2453724012995995,B,Z,B-Z,0.85
MASS2416,1917.28,7.004238403086341,B,Z,B-Z,0.85
MASS1549,1916.59,1.9083037481495264,B,Z,B-Z,0.85
MASS2079,1916.38,2.659308237238811,B,Z,B-Z,0.85
MASS0189,1915.68,2.5989228133711055,B,Z,B-Z,0.85
MASS1996,1913.8700000000001,3.084180568675858,B,Z,B-Z,0.85
MASS1639,1906.46,2.0016740695098982,B,Z,B-Z,0.85
MASS2130,1885.27,4.509973248118106,B,Z,B-Z,0.85
MASS0786,1883.61,3.9580857435385064,B,Z,B-Z,0.85
MASS1654,1881.1599999999999,4.199689706986695,B,Z,B-Z,0.85
MASS1692,1876.46,1.9115381555903554,B,Z,B-Z,0.85
MASS0957,1871.96,3.80984067856296,B,Z,B-Z,0.85
MASS2421,1869.28,7.050294665136216,B,Z,B-Z,0.85
MASS1862,1868.43,6.395533877976,B,Z,B-Z,0.85
MASS1601,1854.26,3.199281858868797,B,Z,B-Z,0.85
MASS2217,1852.3400000000001,6.872122603351621,B,Z,B-Z,0.85
MASS1627,1849.78,2.5921603089977063,B,Z,B-Z,0.85
MASS0506,1846.69,3.702103673299394,B,Z,B-Z,0.85
MASS1173,1845.11,3.088233269410537,B,Z,B-Z,0.85
MASS1981,1837.33,2.848336043686653,B,Z,B-Z,0.85
MASS1275,1836.81,2.4790939419996723,B,Z,B-Z,0.85
MASS0648,1836.56,2.8317832651696677,B,Z,B-Z,0.85
MASS1423,1831.71,3.7739509819257786,B,Z,B-Z,0.85
MASS2436,1824.53,4.441726710437368,B,Z,B-Z,0.85
MASS1994,1820.85,2.8584747262226213,B,Z,B-Z,0.85
MASS2471,1818.05,6.8827243865774115,B,Z,B-Z,0.85
MASS1975,1817.03,2.3218486391954345,B,Z,B-Z,0.85
MASS1346,1807.58,5.230482853631089,B,Z,B-Z,0.85
MASS0608,1805.11,3.5498060554510134,B,Z,B-Z,0.85
MASS1724,1804.07,3.8618155364528555,B,Z,B-Z,0.85
MASS2785,1800.75,6.997940049511919,B,Z,B-Z,0.85
MASS1798,1792.26,2.8268922474076996,B,Z,B-Z,0.85
MASS2418,1789.28,7.087814602488097,B,Z,B-Z,0.85
MASS1530,1788.24,3.0446175245339533,B,Z,B-Z,0.85
MASS1715,1784.43,1.9673043585134986,B,Z,B-Z,0.85
MASS1063,1781.73,2.4209624484109535,B,Z,B-Z,0.85
MASS2472,1780.4,7.058856855496007,B,Z,B-Z,0.85
MASS2473,1780.4,7.058856855496007,B,Z,B-Z,0.85
MASS2241,1775.71,2.8956833351222206,B,Z,B-Z,0.85
MASS2420,1773.28,7.180280030539359,B,Z,B-Z,0.85
MASS0327,1765.78,3.305985682134485,B,Z,B-Z,0.85
MASS2037,1763.79,3.559512030132774,B,Z,B-Z,0.85
MASS1725,1761.69,2.1970200336063646,B,Z,B-Z,0.85
MASS2419,1757.28,7.207485453837708,B,Z,B-Z,0.85
MASS0846,1754.45,2.733215675742765,B,Z,B-Z,0.85
MASS2479,1749.52,5.456856191216151,B,Z,B-Z,0.85
MASS1543,1744.84,2.0523711662512953,B,Z,B-Z,0.85
MASS1653,1743.04,4.434034228933776,B,Z,B-Z,0.85
MASS0769,1742.17,2.8923713485740357,B,Z,B-Z,0.85
MASS2417,1741.28,7.288216460332015,B,Z,B-Z,0.85
MASS0592,1740.1499999999999,2.8852651307901436,B,Z,B-Z,0.85
MASS2598,1737.4,5.54629830084883,B,Z,B-Z,0.85
MASS0332,1737.03,3.6876505938486055,B,Z,B-Z,0.85
MASS0687,1733.42,3.3765193335464945,B,Z,B-Z,0.85
MASS1472,1732.17,2.648971836952751,B,Z,B-Z,0.85
MASS2112,1730.91,5.79628183779636,B,Z,B-Z,0.85
MASS1977,1730.26,3.2440397276214186,B,Z,B-Z,0.85
MASS1912,1726.89,2.4612517364343773,B,Z,B-Z,0.85
MASS1860,1726.52,3.725345647925718,B,Z,B-Z,0.85
MASS2359,1724.54,3.3380535128009448,B,Z,B-Z,0.85
MASS1569,1719.27,4.604147458004642,B,Z,B-Z,0.85
MASS1868,1714.52,4.609209405908756,B,Z,B-Z,0.85
MASS1902,1709.6299999999999,3.914388504022823,B,Z,B-Z,0.85
MASS1954,1707.6,3.8013435192744245,B,Z,B-Z,0.85
MASS0351,1706.8799999999999,9.416997354497697,B,Z,B-Z,0.85
MASS0498,1703.6299999999999,2.9647718212830934,B,Z,B-Z,0.85
MASS2464,1701.08,5.502336705424175,B,Z,B-Z,0.85
MASS1863,1691.55,4.409853570203698,B,Z,B-Z,0.85
MASS1668,1688.59,3.0741849896445474,B,Z,B-Z,0.85
MASS2455,1687.79,4.095089613650982,B,Z,B-Z,0.85
MASS0944,1683.94,3.215284588614815,B,Z,B-Z,0.85
MASS2380,1682.96,2.712335034285487,B,Z,B-Z,0.85
MASS0171,1681.79,2.0167119293157487,B,Z,B-Z,0.85
MASS0698,1677.67,1.7940730583938589,B,Z,B-Z,0.85
MASS2422,1677.28,7.370881843566158,B,Z,B-Z,0.85
MASS0210,1673.11,3.1989475219557684,B,Z,B-Z,0.85
MASS1499,1670.59,4.803267719434504,B,Z,B-Z,0.85
MASS0366,1669.79,1.6313118542594576,B,Z,B-Z,0.85
MASS1974,1666.05,1.6518804049496545,B,Z,B-Z,0.85
MASS1547,1665.26,2.7851742252244005,B,Z,B-Z,0.85
MASS1615,1654.59,2.666118744170287,B,Z,B-Z,0.85
MASS1428,1653.98,3.9735178981494266,B,Z,B-Z,0.85
MASS2192,1651.78,3.35278994574346,B,Z,B-Z,0.85
MASS3028,1650.94,5.540906138625211,B,Z,B-Z,0.85
MASS1964,1649.14,2.8938163469103206,B,Z,B-Z,0.85
MASS1733,1639.06,2.754055925718164,B,Z,B-Z,0.85
MASS0613,1637.62,2.4756137107718263,B,Z,B-Z,0.85
MASS1560,1623.44,3.227962725582854,B,Z,B-Z,0.85
MASS1075,1616.25,2.2581543453244897,B,Z,B-Z,0.85
MASS0606,1615.44,2.3343916287865847,B,Z,B-Z,0.85
MASS1384,1615.22,6.539922712593668,B,Z,B-Z,0.85
MASS1922,1615.14,2.2390357131254883,B,Z,B-Z,0.85
MASS1631,1610.44,7.153283396045509,B,Z,B-Z,0.85
MASS1854,1609.23,6.381186452027105,B,Z,B-Z,0.85
MASS1952,1606.56,2.478831215116209,B,Z,B-Z,0.85
MASS0246,1597.87,2.838093022634732,B,Z,B-Z,0.85
MASS1716,1597.16,3.018197923705831,B,Z,B-Z,0.85
MASS0602,1592.6100000000001,2.1517809528459093,B,Z,B-Z,0.85
MASS1869,1587.72,3.578874634221287,B,Z,B-Z,0.85
MASS1413,1582.6699999999998,3.9672631101159945,B,Z,B-Z,0.85
MASS2391,1582.4,8.378420973839669,B,Z,B-Z,0.85
MASS0908,1580.29,3.3955386407729455,B,Z,B-Z,0.85
MASS2244,1577.27,2.623070279073999,B,Z,B-Z,0.85
MASS2311,1558.31,4.3871176491936374,B,Z,B-Z,0.85
MASS2481,1549.84,6.128271655637657,B,Z,B-Z,0.85
MASS0399,1546.21,2.9902292465168,B,Z,B-Z,0.85
MASS0958,1541.26,3.047339484660508,B,Z,B-Z,0.85
MASS1535,1540.54,2.3714925965090283,B,Z,B-Z,0.85
MASS1920,1537.41,2.8303015131088967,B,Z,B-Z,0.85
MASS1793,1536.25,1.972922062145643,B,Z,B-Z,0.85
MASS1044,1536.05,1.8983549583522263,B,Z,B-Z,0.85
MASS2015,1532.64,5.894461879685356,B,Z,B-Z,0.85
MASS0406,1530.99,3.1041582071650686,B,Z,B-Z,0.85
MASS1877,1527.22,7.2437569190491935,B,Z,B-Z,0.85
MASS1624,1526.28,2.5653536255651614,B,Z,B-Z,0.85
MASS2121,1525.28,3.5065292330945947,B,Z,B-Z,0.85
MASS1457,1521.74,3.1401691249210812,B,Z,B-Z,0.85
MASS2191,1518.65,3.789544006784664,B,Z,B-Z,0.85
MASS1546,1514.41,2.830676869900429,B,Z,B-Z,0.85
MASS0398,1514.36,4.2270627536990295,B,Z,B-Z,0.85
MASS1714,1508.09,1.8611682272636538,B,Z,B-Z,0.85
MASS1740,1503.98,3.311790703886218,B,Z,B-Z,0.85
MASS1126,1503.6000000000001,1.8380789438974945,B,Z,B-Z,0.85
MASS3000,1502.94,4.333175115613807,B,Z,B-Z,0.85
MASS1427,1500.27,4.605255407842944,B,Z,B-Z,0.85
MASS2316,1498.99,3.2940676071464425,B,Z,B-Z,0.85
MASS1872,1498.68,5.702587501969979,B,Z,B-Z,0.85
MASS1299,1487.01,2.6682708334715515,B,Z,B-Z,0.85
MASS0812,1486.69,3.7258394508550077,B,Z,B-Z,0.85
MASS1380,1485.08,7.574986390575719,B,Z,B-Z,0.85
MASS2103,1484.9,4.161206258141029,B,Z,B-Z,0.85
MASS3008,1484.53,5.255139049639082,B,Z,B-Z,0.85
MASS1489,1482.31,10.086929752188444,B,Z,B-Z,0.85
MASS1352,1480.68,4.5706788256326,B,Z,B-Z,0.85
MASS2021,1479.26,2.4397303490249294,B,Z,B-Z,0.85
MASS1953,1474.21,3.5689603989667953,B,Z,B-Z,0.85
MASS0600,1465.49,3.0835264177498463,B,Z,B-Z,0.85
MASS1353,1461.77,4.9729691353563235,B,Z,B-Z,0.85
MASS1354,1461.13,6.0178464557785984,B,Z,B-Z,0.85
MASS2222,1460.14,6.649645491471328,B,Z,B-Z,0.85
MASS2102,1458.88,4.708423259249484,B,Z,B-Z,0.85
MASS3062,1455.44,6.66685737719365,B,Z,B-Z,0.85
MASS0057,1455.01,2.6594600458216107,B,Z,B-Z,0.85
MASS2415,1453.28,8.13540363224731,B,Z,B-Z,0.85
MASS0954,1446.78,2.9720586880685516,B,Z,B-Z,0.85
MASS2098,1444.74,4.468917196949821,B,Z,B-Z,0.85
MASS1720,1440.72,2.5027971803179887,B,Z,B-Z,0.85
MASS1640,1440.49,2.767737026513269,B,Z,B-Z,0.85
MASS0544,1438.8,4.608765361536075,B,Z,B-Z,0.85
MASS2322,1436.42,4.240994840133922,B,Z,B-Z,0.85
MASS1717,1427.78,2.126716698677443,B,Z,B-Z,0.85
MASS1621,1424.3300000000002,3.211997953791433,B,Z,B-Z,0.85
MASS1425,1423.05,4.792143417122174,B,Z,B-Z,0.85
MASS1942,1419.19,2.4940938026327957,B,Z,B-Z,0.85
MASS0149,1417.44,2.962942186070181,B,Z,B-Z,0.85
MASS1600,1417.25,3.8545159469262593,B,Z,B-Z,0.85
MASS1833,1409.02,6.9330554455818785,B,Z,B-Z,0.85
MASS1973,1408.89,3.081079823897275,B,Z,B-Z,0.85
MASS1623,1407.99,3.0942637387763803,B,Z,B-Z,0.85
MASS2057,1405.78,4.280402282904627,B,Z,B-Z,0.85
MASS1757,1405.75,2.57548991419453,B,Z,B-Z,0.85
MASS1010,1405.1399999999999,2.9624753722795814,B,Z,B-Z,0.85
MASS1674,1404.99,3.0313144435932444,B,Z,B-Z,0.85
MASS2614,1397.47,5.22831177978607,B,Z,B-Z,0.85
MASS2326,1394.19,3.2813885052149026,B,Z,B-Z,0.85
MASS1411,1394.03,4.016517208951885,B,Z,B-Z,0.85
MASS3002,1389.57,4.596052295074886,B,Z,B-Z,0.85
MASS2701,1384.85,7.047414494246108,B,Z,B-Z,0.85
MASS1749,1384.73,9.753311186112896,B,Z,B-Z,0.85
MASS0273,1383.21,3.2982005256677707,B,Z,B-Z,0.85
MASS2281,1382.3700000000001,7.563899677137815,B,Z,B-Z,0.85
MASS0063,1381.01,2.3009332571962733,B,Z,B-Z,0.85
MASS1540,1379.43,2.287918410902219,B,Z,B-Z,0.85
MASS0285,1373.62,4.108108138366029,B,Z,B-Z,0.85
MASS2423,1369.2,8.856708889660199,B,Z,B-Z,0.85
MASS0405,1367.65,2.295751134150359,B,Z,B-Z,0.85
MASS0905,1364.15,3.1587755559421153,B,Z,B-Z,0.85
MASS0402,1359.5,2.9922119636156856,B,Z,B-Z,0.85
MASS2044,1358.47,3.991633984161045,B,Z,B-Z,0.85
MASS2070,1353.6399999999999,2.765349080932086,B,Z,B-Z,0.85
MASS1474,1352.73,2.0450240039189027,B,Z,B-Z,0.85
MASS2329,1351.49,9.610472132458261,B,Z,B-Z,0.85
MASS1398,1348.05,5.486820189771283,B,Z,B-Z,0.85
MASS2429,1346.0300000000002,8.551478491884497,B,Z,B-Z,0.85
MASS0235,1344.14,3.129509323653636,B,Z,B-Z,0.85
MASS2149,1342.52,3.898303962881748,B,Z,B-Z,0.85
MASS0204,1338.8600000000001,2.9044318112703276,B,Z,B-Z,0.85
MASS1734,1338.36,2.008218834598957,B,Z,B-Z,0.85
MASS1004,1335.49,3.647748932808105,B,Z,B-Z,0.85
MASS2514,1332.0,11.916375287812986,B,Z,B-Z,0.85
MASS1334,1329.12,2.662713027567458,B,Z,B-Z,0.85
MASS2392,1327.8400000000001,7.387606483200241,B,Z,B-Z,0.85
MASS1817,1326.16,3.119226441056972,B,Z,B-Z,0.85
MASS1493,1325.0,7.104608433468225,B,Z,B-Z,0.85
MASS1707,1322.03,3.225056765916235,B,Z,B-Z,0.85
MASS1867,1320.42,3.0682739547792703,B,Z,B-Z,0.85
MASS2184,1320.12,3.9155010529909235,B,Z,B-Z,0.85
MASS1138,1313.36,4.118972523670045,B,Z,B-Z,0.85
MASS1632,1312.15,8.292617093565635,B,Z,B-Z,0.85
MASS2365,1310.67,5.668820590785755,B,Z,B-Z,0.85
MASS2186,1308.89,4.507813799973507,B,Z,B-Z,0.85
MASS1441,1306.1399999999999,2.854185126394199,B,Z,B-Z,0.85
MASS2074,1305.58,8.530081908838158,B,Z,B-Z,0.85
MASS1544,1304.1499999999999,2.439222927183623,B,Z,B-Z,0.85
MASS1870,1303.22,3.1220251656179476,B,Z,B-Z,0.85
MASS1943,1300.97,2.864011965583784,B,Z,B-Z,0.85
MASS2358,1300.51,2.9991645945637635,B,Z,B-Z,0.85
MASS2664,1300.0,8.396216642078098,B,Z,B-Z,0.85
MASS1803,1299.55,3.83455891349706,B,Z,B-Z,0.85
MASS1043,1287.35,3.1659099503759163,B,Z,B-Z,0.85
MASS1383,1286.97,5.670229999898023,B,Z,B-Z,0.85
MASS2220,1285.71,6.855058571618447,B,Z,B-Z,0.85
MASS2319,1285.06,8.268149245027683,B,Z,B-Z,0.85
MASS1497,1283.83,3.6405136664257416,B,Z,B-Z,0.85
MASS2499,1281.6,11.916375287812988,B,Z,B-Z,0.85
MASS0286,1279.81,4.269516934390664,B,Z,B-Z,0.85
MASS1741,1279.28,3.6620636764553662,B,Z,B-Z,0.85
MASS1693,1278.75,1.919687315103764,B,Z,B-Z,0.85
MASS0959,1277.45,3.4441451439998483,B,Z,B-Z,0.85
MASS2662,1275.0,9.810083103442798,B,Z,B-Z,0.85
MASS2730,1272.94,6.360004761756745,B,Z,B-Z,0.85
MASS1473,1270.47,2.322259015185615,B,Z,B-Z,0.85
MASS1458,1269.62,3.8456924166076636,B,Z,B-Z,0.85
MASS1797,1268.24,3.228688865654349,B,Z,B-Z,0.85
MASS2348,1266.83,5.263908425770117,B,Z,B-Z,0.85
MASS2482,1264.28,7.081382114565082,B,Z,B-Z,0.85
MASS2497,1262.01,5.469921328859188,B,Z,B-Z,0.85
MASS1074,1253.91,2.165766666517522,B,Z,B-Z,0.85
MASS2072,1248.4,3.8868136204241077,B,Z,B-Z,0.85
MASS1901,1237.3,3.255601008816822,B,Z,B-Z,0.85
MASS2230,1234.02,5.7427328894198295,B,Z,B-Z,0.85
MASS1712,1232.53,2.069450943354354,B,Z,B-Z,0.85
MASS2274,1226.61,6.627486817460389,B,Z,B-Z,0.85
MASS0611,1220.82,2.530248497944713,B,Z,B-Z,0.85
MASS1619,1210.1,2.3461264607325156,B,Z,B-Z,0.85
MASS2427,1209.6,8.629534931179522,B,Z,B-Z,0.85
MASS0062,1205.72,2.2900253189533393,B,Z,B-Z,0.85
MASS0267,1205.08,5.279381146721417,B,Z,B-Z,0.85
MASS2426,1204.2,9.152459344719185,B,Z,B-Z,0.85
MASS3006,1200.3899999999999,4.5548774402408085,B,Z,B-Z,0.85
MASS0955,1193.35,3.358736074113858,B,Z,B-Z,0.85
MASS1997,1193.14,3.567368891511785,B,Z,B-Z,0.85
MASS1828,1192.86,7.745396969217644,B,Z,B-Z,0.85
MASS2430,1192.79,9.595087566562354,B,Z,B-Z,0.85
MASS1796,1183.2,3.8233337736963704,B,Z,B-Z,0.85
MASS2644,1178.14,5.811388183912126,B,Z,B-Z,0.85
MASS1807,1177.96,4.957236275272473,B,Z,B-Z,0.85
MASS1664,1177.85,4.912200079264932,B,Z,B-Z,0.85
MASS2621,1175.92,6.07369634028921,B,Z,B-Z,0.85
MASS1995,1175.41,4.317523319255445,B,Z,B-Z,0.85
MASS1286,1174.75,2.2309133453940317,B,Z,B-Z,0.85
MASS2062,1169.67,4.219599360486715,B,Z,B-Z,0.85
MASS1442,1166.45,2.629701006886204,B,Z,B-Z,0.85
MASS2628,1165.45,4.39673616430849,B,Z,B-Z,0.85
MASS0404,1163.21,2.565679267544823,B,Z,B-Z,0.85
MASS1628,1158.1,2.590511700890965,B,Z,B-Z,0.85
MASS1444,1157.54,3.16124237526253,B,Z,B-Z,0.85
MASS1331,1156.53,2.6496073055261316,B,Z,B-Z,0.85
MASS1085,1151.38,2.304844548604131,B,Z,B-Z,0.85
MASS2344,1147.03,6.067368889590086,B,Z,B-Z,0.85
MASS0691,1146.1100000000001,2.4286732143995846,B,Z,B-Z,0.85
MASS1308,1145.54,3.296756405737993,B,Z,B-Z,0.85
MASS1948,1144.52,3.0404209906173327,B,Z,B-Z,0.85
MASS1440,1142.81,3.5463827279401574,B,Z,B-Z,0.85
MASS0023,1137.95,2.6917006370625973,B,Z,B-Z,0.85
MASS0948,1134.7,2.7676269757948457,B,Z,B-Z,0.85
MASS1903,1134.08,3.700751279388269,B,Z,B-Z,0.85
MASS3004,1131.84,4.0732708819941035,B,Z,B-Z,0.85
MASS0401,1130.88,3.519128294961542,B,Z,B-Z,0.85
MASS1721,1125.23,3.333224021540922,B,Z,B-Z,0.85
MASS0998,1124.15,5.380351657958796,B,Z,B-Z,0.85
MASS0764,1121.73,3.0049572175849715,B,Z,B-Z,0.85
MASS0499,1119.45,4.373390618148578,B,Z,B-Z,0.85
MASS2188,1117.05,3.8396296117666817,B,Z,B-Z,0.85
MASS2616,1112.74,7.481463499830149,B,Z,B-Z,0.85
MASS1412,1110.79,4.316855793644769,B,Z,B-Z,0.85
MASS0904,1109.33,4.477817920260642,B,Z,B-Z,0.85
MASS1364,1106.24,10.881352387788661,B,Z,B-Z,0.85
MASS2190,1106.24,5.028223341859485,B,Z,B-Z,0.85
MASS1102,1105.71,2.8637366786337397,B,Z,B-Z,0.85
MASS1853,1102.6,5.771880969760033,B,Z,B-Z,0.85
MASS0597,1101.76,2.6058265986277442,B,Z,B-Z,0.85
MASS2317,1096.68,2.701245685988689,B,Z,B-Z,0.85
MASS2146,1096.16,4.04722133742127,B,Z,B-Z,0.85
MASS1661,1092.27,2.0662738337542286,B,Z,B-Z,0.85
MASS1677,1091.68,10.583202792234841,B,Z,B-Z,0.85
MASS0589,1086.46,2.426944841294576,B,Z,B-Z,0.85
MASS2101,1085.92,2.548497415451498,B,Z,B-Z,0.85
MASS2630,1085.38,4.694625150583978,B,Z,B-Z,0.85
MASS1855,1081.3,6.542027194588225,B,Z,B-Z,0.85
MASS0365,1078.89,2.1802962057412065,B,Z,B-Z,0.85
MASS2320,1077.25,11.916375287812984,B,Z,B-Z,0.85
MASS1945,1074.55,2.1694739776358727,B,Z,B-Z,0.85
MASS1246,1073.4,7.057875741871012,B,Z,B-Z,0.85
MASS1963,1072.21,4.933621088790954,B,Z,B-Z,0.85
MASS2199,1063.23,8.731088347446196,B,Z,B-Z,0.85
MASS2465,1059.22,6.045113090537164,B,Z,B-Z,0.85
MASS0765,1057.96,3.129705577639908,B,Z,B-Z,0.85
MASS1065,1055.92,2.7678749343431197,B,Z,B-Z,0.85
MASS0890,1054.88,4.814565948357817,B,Z,B-Z,0.85
MASS2272,1052.39,3.8031138621340137,B,Z,B-Z,0.85
MASS2428,1051.2,9.934101003580944,B,Z,B-Z,0.85
MASS1421,1050.5,3.52601414446024,B,Z,B-Z,0.85
MASS2399,1050.35,5.592961566757691,B,Z,B-Z,0.85
MASS2413,1045.16,6.317343258611466,B,Z,B-Z,0.85
MASS0236,1044.9,3.34812371072324,B,Z,B-Z,0.85
MASS2346,1039.63,7.3769054132486085,B,Z,B-Z,0.85
MASS2104,1039.59,4.690398259075293,B,Z,B-Z,0.85
MASS2327,1038.04,6.674517488894147,B,Z,B-Z,0.85
MASS1662,1035.6,2.137070068507252,B,Z,B-Z,0.85
MASS0784,1034.73,2.450360928593101,B,Z,B-Z,0.85
MASS2597,1032.09,4.8868245171479705,B,Z,B-Z,0.85
MASS2099,1029.29,4.557743881973522,B,Z,B-Z,0.85
MASS2177,1027.5,4.873413782224182,B,Z,B-Z,0.85
MASS1808,1026.34,3.8079084617014938,B,Z,B-Z,0.85
MASS0180,1026.25,3.470611243980595,B,Z,B-Z,0.85
MASS1366,1024.75,5.29640906050224,B,Z,B-Z,0.85
MASS2331,1023.45,3.921289524928923,B,Z,B-Z,0.85
MASS1756,1018.11,4.989435775169263,B,Z,B-Z,0.85
MASS2542,1017.6,11.916375287812988,B,Z,B-Z,0.85
MASS1345,1016.56,6.222306652584892,B,Z,B-Z,0.85
MASS1310,1016.1,2.6549128174231176,B,Z,B-Z,0.85
MASS0339,1011.9200000000001,4.340201463474084,B,Z,B-Z,0.85
MASS2228,1009.27,5.022298832126873,B,Z,B-Z,0.85
MASS0018,1006.97,2.4817524802387814,B,Z,B-Z,0.85
MASS0280,1006.1999999999999,6.743160443438776,B,Z,B-Z,0.85
MASS1550,1005.75,3.3710704306645902,B,Z,B-Z,0.85
MASS1290,1005.0,5.29640906050224,B,Z,B-Z,0.85
MASS1557,1003.9100000000001,4.317106789897235,B,Z,B-Z,0.85
MASS0358,1003.51,6.110065424850222,B,Z,B-Z,0.85
MASS1751,1002.38,4.826471897532637,B,Z,B-Z,0.85
MASS1066,1000.82,3.339002271669303,B,Z,B-Z,0.85
MASS2407,997.96,6.241255678682136,B,Z,B-Z,0.85
MASS0605,997.03,4.247912632964052,B,Z,B-Z,0.85
MASS0612,996.17,2.4081292194649397,B,Z,B-Z,0.85
MASS2218,993.2,9.621093992388126,B,Z,B-Z,0.85
MASS0785,992.97,6.882716796013201,B,Z,B-Z,0.85
MASS2398,992.76,5.394798008051399,B,Z,B-Z,0.85
MASS1634,990.76,6.989320372240443,B,Z,B-Z,0.85
MASS1789,990.59,2.6509416735736604,B,Z,B-Z,0.85
MASS0622,988.01,3.922747972473602,B,Z,B-Z,0.85
MASS1420,987.17,3.5025291636385125,B,Z,B-Z,0.85
MASS0696,985.45,2.0657026754656855,B,Z,B-Z,0.85
MASS1057,984.5,2.562485007105956,B,Z,B-Z,0.85
MASS2223,984.5,6.900026869994462,B,Z,B-Z,0.85
MASS1211,978.88,1.8388771693271952,B,Z,B-Z,0.85
MASS1713,977.59,2.898386980693581,B,Z,B-Z,0.85
MASS2636,977.23,5.539248995362469,B,Z,B-Z,0.85
MASS1272,976.31,3.4439456499724623,B,Z,B-Z,0.85
MASS2048,974.25,4.048797428512816,B,Z,B-Z,0.85
MASS1752,968.75,5.136228205104696,B,Z,B-Z,0.85
MASS2424,967.2,10.422745459549835,B,Z,B-Z,0.85
MASS2360,965.89,2.8837358616176925,B,Z,B-Z,0.85
MASS2381,964.45,4.915224849657524,B,Z,B-Z,0.85
MASS1622,963.19,3.212330852129976,B,Z,B-Z,0.85
MASS2282,963.1800000000001,5.29418254259581,B,Z,B-Z,0.85
MASS1680,962.23,4.381338358635681,B,Z,B-Z,0.85
MASS1512,962.1,4.0564945416753835,B,Z,B-Z,0.85
MASS0010,960.72,8.04836444333667,B,Z,B-Z,0.85
MASS1588,958.8,4.068292121765848,B,Z,B-Z,0.85
MASS2458,957.94,16.294566247794684,B,Z,B-Z,0.85
MASS2624,954.12,4.373591931465341,B,Z,B-Z,0.85
MASS1475,950.29,2.5184725768824174,B,Z,B-Z,0.85
MASS2004,949.5600000000001,4.360493172706484,B,Z,B-Z,0.85
MASS1330,943.97,3.293533271584618,B,Z,B-Z,0.85
MASS2229,940.67,4.571824865975179,B,Z,B-Z,0.85
MASS2611,937.49,6.074456873726531,B,Z,B-Z,0.85
MASS0960,930.9,2.8443670068855345,B,Z,B-Z,0.85
MASS1633,929.63,6.379375909526382,B,Z,B-Z,0.85
MASS1332,920.94,3.0982684098508804,B,Z,B-Z,0.85
MASS2100,918.83,4.4512900891548455,B,Z,B-Z,0.85
MASS2632,917.9,7.185695400165881,B,Z,B-Z,0.85
MASS1127,917.77,2.5694047522118963,B,Z,B-Z,0.85
MASS2468,912.29,6.393884881669264,B,Z,B-Z,0.85
MASS1678,910.8000000000001,11.916375287812986,B,Z,B-Z,0.85
MASS1289,910.63,4.969006666326537,B,Z,B-Z,0.85
MASS1481,905.6,6.9965649267427885,B,Z,B-Z,0.85
MASS2502,904.8,11.916375287812988,B,Z,B-Z,0.85
MASS0604,904.31,4.448236277580672,B,Z,B-Z,0.85
MASS2591,903.58,8.159605803035953,B,Z,B-Z,0.85
MASS1270,903.46,3.751142539348113,B,Z,B-Z,0.85
MASS1396,900.77,6.077299146440616,B,Z,B-Z,0.85
MASS0787,900.18,3.5286286934094875,B,Z,B-Z,0.85
MASS1073,899.4300000000001,3.815441648456455,B,Z,B-Z,0.85
MASS0400,898.76,3.3146294831002368,B,Z,B-Z,0.85
MASS1329,897.84,3.07175989589214,B,Z,B-Z,0.85
MASS1553,897.36,3.4190638971321716,B,Z,B-Z,0.85
MASS1234,896.99,4.88484006835574,B,Z,B-Z,0.85
MASS2708,896.17,6.424478931600578,B,Z,B-Z,0.85
MASS1333,895.9,3.987951463175424,B,Z,B-Z,0.85
MASS3025,895.36,5.863220665584429,B,Z,B-Z,0.85
MASS2236,895.2,4.802963906605137,B,Z,B-Z,0.85
MASS1008,892.3100000000001,3.145259451839567,B,Z,B-Z,0.85
MASS2703,891.4000000000001,6.539922712593667,B,Z,B-Z,0.85
MASS0779,890.62,2.2929686654724892,B,Z,B-Z,0.85
MASS0705,884.99,2.401354259707248,B,Z,B-Z,0.85
MASS2466,884.24,6.4137525925712735,B,Z,B-Z,0.85
MASS2379,882.82,3.160514926748364,B,Z,B-Z,0.85
MASS0980,881.11,2.802180111462609,B,Z,B-Z,0.85
MASS1766,881.0,3.583486681859705,B,Z,B-Z,0.85
MASS1610,877.75,3.8085048147224727,B,Z,B-Z,0.85
MASS1652,876.08,3.2565749247127442,B,Z,B-Z,0.85
MASS0697,875.58,1.873196219948788,B,Z,B-Z,0.85
MASS2637,873.79,5.487371963319946,B,Z,B-Z,0.85
MASS1695,873.0699999999999,3.7023043564644156,B,Z,B-Z,0.85
MASS2434,872.61,6.211745361402867,B,Z,B-Z,0.85
MASS2639,872.59,5.580741521153432,B,Z,B-Z,0.85
MASS1271,871.75,3.7939188595790183,B,Z,B-Z,0.85
MASS1612,871.35,3.850784100967835,B,Z,B-Z,0.85
MASS1871,870.0,11.916375287812986,B,Z,B-Z,0.85
MASS1866,870.0,11.916375287812986,B,Z,B-Z,0.85
MASS1162,869.84,3.347481842130137,B,Z,B-Z,0.85
MASS2374,869.72,4.43820214971691,B,Z,B-Z,0.85
MASS2022,869.41,4.685920423378196,B,Z,B-Z,0.85
MASS0363,867.48,2.430608934083083,B,Z,B-Z,0.85
MASS2315,865.72,4.035902431662964,B,Z,B-Z,0.85
MASS1790,863.48,2.6287830993027104,B,Z,B-Z,0.85
MASS1614,859.0699999999999,2.9273325029066073,B,Z,B-Z,0.85
MASS0020,858.13,2.570986538594598,B,Z,B-Z,0.85
MASS2495,857.28,6.195762895526819,B,Z,B-Z,0.85
MASS1053,856.58,2.859317993685015,B,Z,B-Z,0.85
MASS1422,851.8,3.5835338159321286,B,Z,B-Z,0.85
MASS2349,847.25,3.715014738648038,B,Z,B-Z,0.85
MASS1471,843.51,3.760064614188738,B,Z,B-Z,0.85
MASS2105,843.2,5.23574815699461,B,Z,B-Z,0.85
MASS2318,840.66,9.159878208487614,B,Z,B-Z,0.85
MASS1646,840.43,3.413168677037655,B,Z,B-Z,0.85
MASS2277,838.33,4.400886598506234,B,Z,B-Z,0.85
MASS0153,837.74,3.8041126117962816,B,Z,B-Z,0.85
MASS2204,836.02,3.7401591391451268,B,Z,B-Z,0.85
MASS1567,836.01,10.665443520624832,B,Z,B-Z,0.85
MASS2408,835.16,5.041792631423895,B,Z,B-Z,0.85
MASS1696,832.56,3.016555496109188,B,Z,B-Z,0.85
MASS3067,832.5,6.445189867062417,B,Z,B-Z,0.85
MASS2227,831.24,5.153274758107479,B,Z,B-Z,0.85
MASS2460,829.62,11.916375287812983,B,Z,B-Z,0.85
MASS2049,828.83,3.309858765815452,B,Z,B-Z,0.85
MASS2242,828.65,2.864024666602874,B,Z,B-Z,0.85
MASS2615,826.68,5.53293456081092,B,Z,B-Z,0.85
MASS2043,825.24,2.7274386873030667,B,Z,B-Z,0.85
MASS2469,824.67,6.451338110278793,B,Z,B-Z,0.85
MASS2400,824.0,6.56741191191277,B,Z,B-Z,0.85
MASS2295,821.91,6.17128932211288,B,Z,B-Z,0.85
MASS1665,820.16,5.762697176641477,B,Z,B-Z,0.85
MASS2095,817.42,3.9009053322719223,B,Z,B-Z,0.85
MASS2529,817.2,11.916375287812983,B,Z,B-Z,0.85
MASS2054,815.06,3.1037387420227853,B,Z,B-Z,0.85
MASS2584,814.81,5.7153248219567585,B,Z,B-Z,0.85
MASS1519,811.29,2.1589877242482176,B,Z,B-Z,0.85
MASS2437,811.05,5.518556703079745,B,Z,B-Z,0.85
MASS2261,809.77,5.0447219802637315,B,Z,B-Z,0.85
MASS0394,809.62,1.9435932480981637,B,Z,B-Z,0.85
MASS1563,805.3,5.533486809274278,B,Z,B-Z,0.85
MASS2461,802.25,5.681985468588268,B,Z,B-Z,0.85
MASS1809,801.22,4.145614279654567,B,Z,B-Z,0.85
MASS2634,798.51,5.976380934814498,B,Z,B-Z,0.85
MASS1998,798.22,3.6682849304848335,B,Z,B-Z,0.85
MASS1886,796.78,2.5819487001338386,B,Z,B-Z,0.85
MASS0920,794.59,3.2020584688993066,B,Z,B-Z,0.85
MASS1760,790.14,2.3076480616487696,B,Z,B-Z,0.85
MASS1087,789.12,3.9804814518710394,B,Z,B-Z,0.85
MASS2411,789.11,4.500278127540003,B,Z,B-Z,0.85
MASS2631,785.15,4.715292989106925,B,Z,B-Z,0.85
MASS1636,781.15,7.564628752029302,B,Z,B-Z,0.85
MASS2189,780.67,4.157464686262061,B,Z,B-Z,0.85
MASS1561,775.0600000000001,3.962738084357842,B,Z,B-Z,0.85
MASS1564,774.55,7.493437574933933,B,Z,B-Z,0.85
MASS0251,773.44,2.868266088529781,B,Z,B-Z,0.85
MASS2055,772.81,3.1094669118621168,B,Z,B-Z,0.85
MASS2058,771.09,3.179382870370473,B,Z,B-Z,0.85
MASS2370,768.03,4.534551721031379,B,Z,B-Z,0.85
MASS2467,764.24,6.939135086210733,B,Z,B-Z,0.85
MASS2555,763.2,11.916375287812983,B,Z,B-Z,0.85
MASS0863,762.15,2.2598326503979838,B,Z,B-Z,0.85
MASS1923,759.35,2.702067547034191,B,Z,B-Z,0.85
MASS1532,758.64,2.97668876170097,B,Z,B-Z,0.85
MASS1172,757.13,2.3486756104503046,B,Z,B-Z,0.85
MASS1482,756.37,4.461213455972571,B,Z,B-Z,0.85
MASS1950,755.37,2.360944948669154,B,Z,B-Z,0.85
MASS1972,754.75,3.6192609119677424,B,Z,B-Z,0.85
MASS2554,754.2,11.916375287812983,B,Z,B-Z,0.85
MASS2406,754.18,4.909431810071307,B,Z,B-Z,0.85
MASS2414,751.9,6.3104560629180675,B,Z,B-Z,0.85
MASS1294,750.17,2.485407880553515,B,Z,B-Z,0.85
MASS1464,750.0,2.487388217452556,B,Z,B-Z,0.85
MASS2357,749.07,4.353794950098838,B,Z,B-Z,0.85
MASS1293,748.44,2.1806140918476595,B,Z,B-Z,0.85
MASS2372,746.56,3.8504568156047467,B,Z,B-Z,0.85
MASS2278,746.34,4.218083484789175,B,Z,B-Z,0.85
MASS1538,745.68,2.4804575280575074,B,Z,B-Z,0.85
MASS1926,745.09,2.8068052491626725,B,Z,B-Z,0.85
MASS2385,743.97,3.9998502078772225,B,Z,B-Z,0.85
MASS1359,742.92,3.135050295939711,B,Z,B-Z,0.85
MASS1281,741.96,3.0974990292825955,B,Z,B-Z,0.85
MASS1635,741.3199999999999,10.583018945089334,B,Z,B-Z,0.85
MASS1450,736.5,5.548129523204882,B,Z,B-Z,0.85
MASS1846,734.62,7.2540035412099515,B,Z,B-Z,0.85
MASS0780,732.28,2.5264035863947685,B,Z,B-Z,0.85
MASS2181,731.64,3.1181295107563813,B,Z,B-Z,0.85
MASS2409,730.73,7.3769054132486085,B,Z,B-Z,0.85
MASS0947,728.98,3.055773149355244,B,Z,B-Z,0.85
MASS1045,728.44,2.4218136282056633,B,Z,B-Z,0.85
MASS2352,728.17,4.095089613650982,B,Z,B-Z,0.85
MASS2064,727.34,3.2160032685816864,B,Z,B-Z,0.85
MASS0699,727.26,2.1122554968386362,B,Z,B-Z,0.85
MASS1566,727.14,5.832242521504271,B,Z,B-Z,0.85
MASS0695,722.18,3.5874632128638146,B,Z,B-Z,0.85
MASS0412,721.31,4.483636388579501,B,Z,B-Z,0.85
MASS2249,720.55,3.0355196356616148,B,Z,B-Z,0.85
MASS1342,714.08,5.022980335590577,B,Z,B-Z,0.85
MASS1500,714.05,5.817582472652175,B,Z,B-Z,0.85
MASS2590,713.98,5.786523057194467,B,Z,B-Z,0.85
MASS1501,713.56,5.637632459005426,B,Z,B-Z,0.85
MASS2530,712.8,11.916375287812988,B,Z,B-Z,0.85
MASS2145,711.53,5.575383908683984,B,Z,B-Z,0.85
MASS1459,709.37,3.130123592040452,B,Z,B-Z,0.85
MASS0391,706.37,2.459531340516851,B,Z,B-Z,0.85
MASS0596,703.31,4.351559918037237,B,Z,B-Z,0.85
MASS1565,698.9499999999999,6.056408440600663,B,Z,B-Z,0.85
MASS1599,697.34,1.8655424900310127,B,Z,B-Z,0.85
MASS2459,694.17,9.108604302549626,B,Z,B-Z,0.85
MASS2023,691.86,2.945450673331796,B,Z,B-Z,0.85
MASS2144,690.74,7.439848729058758,B,Z,B-Z,0.85
MASS1730,687.37,3.007583837734415,B,Z,B-Z,0.85
MASS1827,687.29,2.735455233525761,B,Z,B-Z,0.85
MASS3061,686.68,5.037765318273826,B,Z,B-Z,0.85
MASS0019,685.46,2.7947499324845895,B,Z,B-Z,0.85
MASS0864,684.52,2.3984746350324087,B,Z,B-Z,0.85
MASS2005,680.28,5.547275153021117,B,Z,B-Z,0.85
MASS2143,678.39,5.218758027575066,B,Z,B-Z,0.85
MASS2024,678.07,3.611986194509667,B,Z,B-Z,0.85
MASS1389,677.48,6.252298277088244,B,Z,B-Z,0.85
MASS3035,675.8,9.137374013798272,B,Z,B-Z,0.85
MASS2412,672.05,5.121516341228733,B,Z,B-Z,0.85
MASS0692,671.5699999999999,3.534241226737658,B,Z,B-Z,0.85
MASS1210,670.74,3.18304942539637,B,Z,B-Z,0.85
MASS1618,670.16,2.888533022248756,B,Z,B-Z,0.85
MASS2442,670.09,4.973646611025034,B,Z,B-Z,0.85
MASS1914,668.08,3.259066152189624,B,Z,B-Z,0.85
MASS0603,665.76,2.962301823778727,B,Z,B-Z,0.85
MASS2069,664.96,3.0758672621778964,B,Z,B-Z,0.85
MASS1590,664.6,4.414610554510692,B,Z,B-Z,0.85
MASS1313,662.75,4.3449406646498305,B,Z,B-Z,0.85
MASS1161,662.43,3.76722464365092,C,Z,C-Z,0.75
MASS2620,661.72,8.564846510281479,C,Z,C-Z,0.75
MASS2364,661.0,6.90038543480987,C,Z,C-Z,0.75
MASS1552,659.3199999999999,4.9861549981021245,C,Z,C-Z,0.75
MASS2617,656.62,8.48267115616018,C,Z,C-Z,0.75
MASS2618,656.62,8.48267115616018,C,Z,C-Z,0.75
MASS2347,656.39,7.167286163698174,C,Z,C-Z,0.75
MASS2178,655.62,4.002505315543926,C,Z,C-Z,0.75
MASS1933,655.43,2.9684255832062227,C,Z,C-Z,0.75
MASS2567,655.2,11.916375287812983,C,Z,C-Z,0.75
MASS1924,654.5600000000001,2.8658059576298123,C,Z,C-Z,0.75
MASS2350,650.36,7.06432797515772,C,Z,C-Z,0.75
MASS2110,649.95,2.6213771178311696,C,Z,C-Z,0.75
MASS2625,644.99,5.338755264938029,C,Z,C-Z,0.75
MASS0016,644.0,8.56484651028148,C,Z,C-Z,0.75
MASS2151,643.29,5.638881417845356,C,Z,C-Z,0.75
MASS1321,641.6800000000001,2.7025263511194813,C,Z,C-Z,0.75
MASS2512,637.2,11.916375287812983,C,Z,C-Z,0.75
MASS1451,635.02,3.1821659950658097,C,Z,C-Z,0.75
MASS2176,632.66,4.4335057649754575,C,Z,C-Z,0.75
MASS1667,632.26,3.8643798569093852,C,Z,C-Z,0.75
MASS1360,630.11,4.140837520728517,C,Z,C-Z,0.75
MASS2556,628.8,11.916375287812988,C,Z,C-Z,0.75
MASS1382,627.37,8.928183830380187,C,Z,C-Z,0.75
MASS1312,624.64,4.731583375846855,C,Z,C-Z,0.75
MASS2107,624.33,6.134656291585726,C,Z,C-Z,0.75
MASS2702,624.04,10.240924092584738,C,Z,C-Z,0.75
MASS2635,623.17,5.827328634729081,C,Z,C-Z,0.75
MASS2378,622.99,3.656581905917883,C,Z,C-Z,0.75
MASS1719,622.5600000000001,5.002602883073136,C,Z,C-Z,0.75
MASS0295,620.86,4.9641017270008,C,Z,C-Z,0.75
MASS1852,620.31,6.005732311187645,C,Z,C-Z,0.75
MASS2273,618.9,4.6674043236650675,C,Z,C-Z,0.75
MASS0949,617.35,3.9209839922524035,C,Z,C-Z,0.75
MASS2501,616.8,11.916375287812988,C,Z,C-Z,0.75
MASS1925,614.65,3.360625811358894,C,Z,C-Z,0.75
MASS2638,613.89,5.429101688198393,C,Z,C-Z,0.75
MASS2203,610.94,3.2735126142445616,C,Z,C-Z,0.75
MASS1816,609.75,5.516344175228405,C,Z,C-Z,0.75
MASS1298,608.94,1.919261814165423,C,Z,C-Z,0.75
MASS1216,608.23,5.364073528751786,C,Z,C-Z,0.75
MASS2155,607.8,4.9337723547766466,C,Z,C-Z,0.75
MASS2166,602.82,8.517811260250097,C,Z,C-Z,0.75
MASS0635,601.64,3.282339259297201,C,Z,C-Z,0.75
MASS2045,598.02,7.153739372689224,C,Z,C-Z,0.75
MASS2093,597.7,2.6579931876532332,C,Z,C-Z,0.75
MASS0574,595.22,4.4425133629735365,C,Z,C-Z,0.75
MASS2403,594.03,7.810972386472243,C,Z,C-Z,0.75
MASS2543,592.8,11.916375287812988,C,Z,C-Z,0.75
MASS2564,592.8,11.916375287812988,C,Z,C-Z,0.75
MASS1309,591.12,3.696694280736346,C,Z,C-Z,0.75
MASS2009,590.69,5.080033227120909,C,Z,C-Z,0.75
MASS2452,590.67,3.8504479794008737,C,Z,C-Z,0.75
MASS1524,587.61,1.8353040947695558,C,Z,C-Z,0.75
MASS2119,587.53,4.0586789478033,C,Z,C-Z,0.75
MASS2368,585.81,8.498238652697896,C,Z,C-Z,0.75
MASS0045,585.57,5.317629959801084,C,Z,C-Z,0.75
MASS2685,584.78,6.262080523457798,C,Z,C-Z,0.75
MASS1574,577.78,2.8713864977643686,C,Z,C-Z,0.75
MASS1591,576.79,5.721817611304679,C,Z,C-Z,0.75
MASS1611,574.0,3.8039746127992564,C,Z,C-Z,0.75
MASS2402,568.72,6.9816726228796115,C,Z,C-Z,0.75
MASS0388,566.37,2.2780475528553894,C,Z,C-Z,0.75
MASS1944,561.88,3.7887989896124004,C,Z,C-Z,0.75
MASS2332,561.6,5.022447408188776,C,Z,C-Z,0.75
MASS1851,560.64,6.609283176977302,C,Z,C-Z,0.75
MASS2007,559.58,6.937986315196146,C,Z,C-Z,0.75
MASS2454,558.44,4.340000462969211,C,Z,C-Z,0.75
MASS2046,558.31,3.2373986855353714,C,Z,C-Z,0.75
MASS1598,557.69,2.1632275933186107,C,Z,C-Z,0.75
MASS2194,556.47,6.79389753825181,C,Z,C-Z,0.75
MASS2002,555.59,4.015684362849109,C,Z,C-Z,0.75
MASS2592,554.6700000000001,7.29453955212134,C,Z,C-Z,0.75
MASS1916,554.67,2.650525759965599,C,Z,C-Z,0.75
MASS1732,552.28,4.087818553964057,C,Z,C-Z,0.75
MASS0693,551.03,2.331279881933299,C,Z,C-Z,0.75
MASS1199,550.19,2.829354230157816,C,Z,C-Z,0.75
MASS1999,549.89,4.096281383301514,C,Z,C-Z,0.75
MASS1597,547.63,2.186166035922515,C,Z,C-Z,0.75
MASS2246,545.0699999999999,5.788943002891912,C,Z,C-Z,0.75
MASS1285,544.84,2.741211861814324,C,Z,C-Z,0.75
MASS0982,544.01,3.682179377731684,C,Z,C-Z,0.75
MASS0961,543.46,2.329324532822618,C,Z,C-Z,0.75
MASS2182,542.32,4.201603233201724,C,Z,C-Z,0.75
MASS2313,541.96,6.460452916655479,C,Z,C-Z,0.75
MASS2296,541.46,9.554783315523023,C,Z,C-Z,0.75
MASS2028,541.43,2.954952120959684,C,Z,C-Z,0.75
MASS1508,539.82,2.00946704550217,C,Z,C-Z,0.75
MASS2404,539.35,6.180596143985097,C,Z,C-Z,0.75
MASS0768,536.96,3.289315175874932,C,Z,C-Z,0.75
MASS0151,536.24,5.3807115767222555,C,Z,C-Z,0.75
MASS2627,535.79,5.033334985917966,C,Z,C-Z,0.75
MASS1888,535.45,3.357050992590578,C,Z,C-Z,0.75
MASS1929,533.59,4.971190333645792,C,Z,C-Z,0.75
MASS2341,531.75,13.585129506163415,C,Z,C-Z,0.75
MASS1845,531.25,7.774398223045719,C,Z,C-Z,0.75
MASS1386,530.16,10.961372826769415,C,Z,C-Z,0.75
MASS0533,529.7,5.547275153021117,C,Z,C-Z,0.75
MASS1445,527.79,4.594069002843557,C,Z,C-Z,0.75
MASS2509,526.8,11.916375287812988,C,Z,C-Z,0.75
MASS0341,525.8,3.786485462897955,C,Z,C-Z,0.75
MASS2248,525.77,5.124488077458829,C,Z,C-Z,0.75
MASS2047,525.62,7.952437837340758,C,Z,C-Z,0.75
MASS0572,522.37,3.182165995065809,C,Z,C-Z,0.75
MASS1913,522.16,5.28235668817148,C,Z,C-Z,0.75
MASS1504,521.06,2.2052027841867976,C,Z,C-Z,0.75
MASS1505,520.88,2.4967269370285847,C,Z,C-Z,0.75
MASS1625,520.37,3.1556454278665846,C,Z,C-Z,0.75
MASS2382,516.88,4.475810863656052,C,Z,C-Z,0.75
MASS2435,516.4100000000001,17.635868003708268,C,Z,C-Z,0.75
MASS2096,515.77,5.658209220747054,C,Z,C-Z,0.75
MASS1962,515.53,5.5472751530211175,C,Z,C-Z,0.75
MASS0393,512.79,2.3897474877131866,C,Z,C-Z,0.75
MASS2650,512.28,5.507347974218834,C,Z,C-Z,0.75
MASS2383,512.21,4.835655266841514,C,Z,C-Z,0.75
MASS0046,512.07,2.7241545637508655,C,Z,C-Z,0.75
MASS2619,511.71999999999997,8.421374698148883,C,Z,C-Z,0.75
MASS2153,509.15,5.78610400782898,C,Z,C-Z,0.75
MASS2500,508.8,11.916375287812988,C,Z,C-Z,0.75
MASS2626,507.21000000000004,4.802963906605138,C,Z,C-Z,0.75
MASS2245,506.95,3.42110236499911,C,Z,C-Z,0.75
MASS1431,506.73,6.215541539664429,C,Z,C-Z,0.75
MASS1191,505.48,2.447814122670067,C,Z,C-Z,0.75
MASS1887,504.75,3.2587062864844327,C,Z,C-Z,0.75
MASS2337,504.51,12.681016875496967,C,Z,C-Z,0.75
MASS1889,502.75,3.066047321567784,C,Z,C-Z,0.75
MASS1397,501.71000000000004,6.830954438018084,C,Z,C-Z,0.75
MASS2593,499.67,8.619996232825502,C,Z,C-Z,0.75
MASS1502,498.09000000000003,7.164728420068226,C,Z,C-Z,0.75
MASS2202,497.58,3.7741696692654005,C,Z,C-Z,0.75
MASS1521,496.38,5.910668788913529,C,Z,C-Z,0.75
MASS2201,490.55,3.7256701642890064,C,Z,C-Z,0.75
MASS2196,490.3,2.7632376269183854,C,Z,C-Z,0.75
MASS1093,489.8,2.605389877448512,C,Z,C-Z,0.75
MASS0494,488.27,8.048364443336668,C,Z,C-Z,0.75
MASS1542,488.07,3.0604042841734693,C,Z,C-Z,0.75
MASS1626,487.38,3.410530485998034,C,Z,C-Z,0.75
MASS1514,486.0,5.105993907149526,C,Z,C-Z,0.75
MASS2291,484.95,4.42995096540972,C,Z,C-Z,0.75
MASS1669,483.78,5.8633885380202875,C,Z,C-Z,0.75
MASS0249,483.27,3.9099787228527956,C,Z,C-Z,0.75
MASS1055,482.92,3.252076424801612,C,Z,C-Z,0.75
MASS2165,482.59000000000003,8.70468861371146,C,Z,C-Z,0.75
MASS0559,482.21,2.289750557713429,C,Z,C-Z,0.75
MASS1679,480.31,6.567411911912768,C,Z,C-Z,0.75
MASS3001,479.48,6.22504965331315,C,Z,C-Z,0.75
MASS2053,479.02,4.4858594830623355,C,Z,C-Z,0.75
MASS1706,477.88,2.904848230463568,C,Z,C-Z,0.75
MASS2279,475.96,6.191302691013814,C,Z,C-Z,0.75
MASS1479,475.81,3.5980401317532924,C,Z,C-Z,0.75
MASS2731,475.14,9.300729178576509,C,Z,C-Z,0.75
MASS1235,473.34,4.425452740853942,C,Z,C-Z,0.75
MASS2025,472.19,3.000321134366347,C,Z,C-Z,0.75
MASS1455,471.86,10.840282750057666,C,Z,C-Z,0.75
MASS1932,470.46,3.0454003759247277,C,Z,C-Z,0.75
MASS2525,470.4,11.916375287812988,C,Z,C-Z,0.75
MASS1086,468.13,5.325320321852987,C,Z,C-Z,0.75
MASS3009,468.0,7.322827726045508,C,Z,C-Z,0.75
MASS2280,467.22,6.630379690517393,C,Z,C-Z,0.75
MASS2515,466.7,11.916375287812986,C,Z,C-Z,0.75
MASS2051,464.52,4.8211797883472025,C,Z,C-Z,0.75
MASS2122,463.9,8.237000328733169,C,Z,C-Z,0.75
MASS2050,462.55999999999995,3.8246299134338146,C,Z,C-Z,0.75
MASS2029,462.52,3.3207969948071963,C,Z,C-Z,0.75
MASS1812,462.46000000000004,4.238321157208531,C,Z,C-Z,0.75
MASS2169,460.15999999999997,3.3837301642127104,C,Z,C-Z,0.75
MASS2704,459.98,8.396216642078098,C,Z,C-Z,0.75
MASS2371,459.87,5.00519509463739,C,Z,C-Z,0.75
MASS1650,459.72,5.576857338355434,C,Z,C-Z,0.75
MASS0326,459.66,2.8324225893034267,C,Z,C-Z,0.75
MASS2205,459.2,2.877497084710553,C,Z,C-Z,0.75
MASS1223,459.08,3.50444203874223,C,Z,C-Z,0.75
MASS1911,456.29,3.642116912296594,C,Z,C-Z,0.75
MASS1947,455.12,3.5177377404446277,C,Z,C-Z,0.75
MASS2510,452.4,11.916375287812988,C,Z,C-Z,0.75
MASS1507,451.64,2.592154161960585,C,Z,C-Z,0.75
MASS2544,448.8,11.916375287812988,C,Z,C-Z,0.75
MASS1961,446.3,5.147258657359376,C,Z,C-Z,0.75
MASS3020,442.53999999999996,7.6624192983382295,C,Z,C-Z,0.75
MASS2734,442.28,9.78654963605707,C,Z,C-Z,0.75
MASS0050,442.09,2.4809075686671473,C,Z,C-Z,0.75
MASS2401,440.79,7.563481861046911,C,Z,C-Z,0.75
MASS2451,438.53000000000003,3.514744938976511,C,Z,C-Z,0.75
MASS2649,438.06,6.459678709101769,C,Z,C-Z,0.75
MASS2548,436.8,11.916375287812988,C,Z,C-Z,0.75
MASS0361,436.37,3.4148489885339526,C,Z,C-Z,0.75
MASS2363,436.21999999999997,6.102936481576584,C,Z,C-Z,0.75
MASS0632,432.2,4.229831914577985,C,Z,C-Z,0.75
MASS2487,432.0,6.912248653085361,C,Z,C-Z,0.75
MASS2739,432.0,8.06839671554512,C,Z,C-Z,0.75
MASS0560,430.44,4.145284603413423,C,Z,C-Z,0.75
MASS2237,429.96000000000004,3.33932048475,C,Z,C-Z,0.75
MASS1509,429.28000000000003,2.391940394514425,C,Z,C-Z,0.75
MASS2710,429.04,7.215568493473205,C,Z,C-Z,0.75
MASS1503,427.47,2.41047083089052,C,Z,C-Z,0.75
MASS1463,427.01,2.6986864220072917,C,Z,C-Z,0.75
MASS2613,425.65999999999997,11.916375287812983,C,Z,C-Z,0.75
MASS2724,425.38,7.202542913240095,C,Z,C-Z,0.75
MASS0184,424.94,5.060119584961925,C,Z,C-Z,0.75
MASS2516,424.8,11.916375287812988,C,Z,C-Z,0.75
MASS2325,424.6,8.441661706834727,C,Z,C-Z,0.75
MASS2648,424.44,6.684271356697257,C,Z,C-Z,0.75
MASS0971,422.9,3.4673394509912523,C,Z,C-Z,0.75
MASS2339,420.27,15.645649475740226,C,Z,C-Z,0.75
MASS0183,418.91,5.606589683482398,C,Z,C-Z,0.75
MASS2164,416.37,7.953882737875522,C,Z,C-Z,0.75
MASS1513,414.0,4.912640961083073,C,Z,C-Z,0.75
MASS3068,414.0,12.03578588393677,C,Z,C-Z,0.75
MASS2642,413.86,6.398566624357029,C,Z,C-Z,0.75
MASS2513,412.8,11.916375287812988,C,Z,C-Z,0.75
MASS0599,412.71999999999997,6.1814981384271634,C,Z,C-Z,0.75
MASS2290,412.17,4.148065809579075,C,Z,C-Z,0.75
MASS2448,411.6,4.820766020602887,C,Z,C-Z,0.75
MASS1589,410.09000000000003,5.030528080227508,C,Z,C-Z,0.75
MASS2453,409.3,4.8036023898525215,C,Z,C-Z,0.75
MASS2587,408.98,9.905989145090297,C,Z,C-Z,0.75
MASS2168,407.86,3.3648376374887063,C,Z,C-Z,0.75
MASS0181,407.24,5.956937315971314,C,Z,C-Z,0.75
MASS2301,405.61,7.520162052847358,C,Z,C-Z,0.75
MASS2167,405.41,3.1954559347253504,C,Z,C-Z,0.75
MASS0507,405.25,7.389639841680765,C,Z,C-Z,0.75
MASS1643,403.19,3.279200831676382,C,Z,C-Z,0.75
MASS2338,402.88,12.28568041511789,C,Z,C-Z,0.75
MASS1072,402.65,4.4800726157596165,C,Z,C-Z,0.75
MASS0047,401.98,2.4640939237878547,C,Z,C-Z,0.75
MASS1468,401.96000000000004,5.261425873655673,C,Z,C-Z,0.75
MASS2003,400.72,6.247791099022218,C,Z,C-Z,0.75
MASS2008,396.38,5.547275153021117,C,Z,C-Z,0.75
MASS0749,396.37,2.3308779178767653,C,Z,C-Z,0.75
MASS0813,393.25,5.600068586685612,C,Z,C-Z,0.75
MASS0382,392.7,3.26116704586152,C,Z,C-Z,0.75
MASS2109,392.62,6.2928419579065,C,Z,C-Z,0.75
MASS1498,391.72,3.227744527414285,C,Z,C-Z,0.75
MASS2351,391.2,3.336293668388643,C,Z,C-Z,0.75
MASS2179,389.26,3.2946946196403464,C,Z,C-Z,0.75
MASS1935,387.38,3.0879261961011175,C,Z,C-Z,0.75
MASS2711,386.71,8.250838374303974,C,Z,C-Z,0.75
MASS1921,386.01,5.634278923271422,C,Z,C-Z,0.75
MASS1675,384.67,11.916375287812984,C,Z,C-Z,0.75
MASS1548,384.3,4.043989502090206,C,Z,C-Z,0.75
MASS1826,382.98,2.4582567831775557,C,Z,C-Z,0.75
MASS1605,382.14,3.7567874791022913,C,Z,C-Z,0.75
MASS2238,381.90000000000003,3.6622130878445,C,Z,C-Z,0.75
MASS1531,379.89,3.5870503822522757,C,Z,C-Z,0.75
MASS1128,379.1,11.062690220952078,C,Z,C-Z,0.75
MASS0328,379.07,3.52308973497698,C,Z,C-Z,0.75
MASS3007,378.92,5.631423487578776,C,Z,C-Z,0.75
MASS2646,378.56,5.756428546122684,C,Z,C-Z,0.75
MASS0049,378.16,3.0587641015267666,C,Z,C-Z,0.75
MASS2027,376.56,3.8262903995957838,C,Z,C-Z,0.75
MASS2298,375.09,5.769352200049948,C,Z,C-Z,0.75
MASS3024,374.98,8.48095070276293,C,Z,C-Z,0.75
MASS0385,374.63,3.059519706317691,C,Z,C-Z,0.75
MASS2334,373.43,7.03533986022258,C,Z,C-Z,0.75
MASS1673,373.06,4.485057273268911,C,Z,C-Z,0.75
MASS1698,368.85,3.7632385579845313,C,Z,C-Z,0.75
MASS2389,368.5,4.365911688168425,C,Z,C-Z,0.75
MASS1949,368.47,2.941717030424852,C,Z,C-Z,0.75
MASS2384,368.46999999999997,5.194086304044152,C,Z,C-Z,0.75
MASS0338,367.85,5.477417157002482,C,Z,C-Z,0.75
MASS2643,367.3,6.295510214921095,C,Z,C-Z,0.75
MASS2496,366.96,9.033404124588275,C,Z,C-Z,0.75
MASS1469,366.0,6.2936719623017305,C,Z,C-Z,0.75
MASS0264,365.90999999999997,4.220145786477826,C,Z,C-Z,0.75
MASS1711,365.63,2.741696728404202,C,Z,C-Z,0.75
MASS2010,365.25,3.5389208518844115,C,Z,C-Z,0.75
MASS0988,365.1,4.456850009286258,C,Z,C-Z,0.75
MASS0800,364.85,2.6598534220731413,C,Z,C-Z,0.75
MASS0586,364.57,3.5036673064331665,C,Z,C-Z,0.75
MASS2108,363.14,7.3481722605083,C,Z,C-Z,0.75
MASS1146,363.12,5.327777608497355,C,Z,C-Z,0.75
MASS2106,361.16,7.3769054132486085,C,Z,C-Z,0.75
MASS2441,360.63,4.4897614019910375,C,Z,C-Z,0.75
MASS1727,359.58,2.8337539668297325,C,Z,C-Z,0.75
MASS1768,358.8,6.539922712593669,C,Z,C-Z,0.75
MASS0337,358.6,5.737648542522494,C,Z,C-Z,0.75
MASS0802,357.13,3.278122325802365,C,Z,C-Z,0.75
MASS2700,356.4,11.916375287812983,C,Z,C-Z,0.75
MASS2531,356.4,11.916375287812988,C,Z,C-Z,0.75
MASS1077,355.65,4.7778052668404865,C,Z,C-Z,0.75
MASS0814,349.2,6.320612233565053,C,Z,C-Z,0.75
MASS1791,349.1,3.4267763703361713,C,Z,C-Z,0.75
MASS2336,348.69000000000005,17.217655461022215,C,Z,C-Z,0.75
MASS2297,346.06,7.1373960886739,C,Z,C-Z,0.75
MASS1992,345.95,2.5281962536270584,C,Z,C-Z,0.75
MASS2292,345.75,3.857795317583859,C,Z,C-Z,0.75
MASS1198,343.35,2.3950202874544657,C,Z,C-Z,0.75
MASS1811,343.22,4.7683692846024295,C,Z,C-Z,0.75
MASS2275,340.59000000000003,4.980148598396356,C,Z,C-Z,0.75
MASS1928,340.48,5.274029159709894,C,Z,C-Z,0.75
MASS2641,339.32,6.348705991766949,C,Z,C-Z,0.75
MASS0801,339.12,3.5729251102719326,C,Z,C-Z,0.75
MASS0379,337.3,3.103082185067934,C,Z,C-Z,0.75
MASS2263,336.99,4.69665496214569,C,Z,C-Z,0.75
MASS0253,336.06,6.119461280297744,C,Z,C-Z,0.75
MASS2026,335.94,3.6016627788268933,C,Z,C-Z,0.75
MASS2645,334.26,5.931783944586737,C,Z,C-Z,0.75
MASS1927,333.57,4.801473590577513,C,Z,C-Z,0.75
MASS0750,331.28,2.8393666913902096,C,Z,C-Z,0.75
MASS0633,331.2,3.425801225543538,C,Z,C-Z,0.75
MASS1893,330.81,4.3351065826593596,C,Z,C-Z,0.75
MASS1467,330.15,2.578662085203684,C,Z,C-Z,0.75
MASS2684,329.77,6.24779109902222,C,Z,C-Z,0.75
MASS2736,329.04,8.217954037308706,C,Z,C-Z,0.75
MASS2550,328.8,11.916375287812988,C,Z,C-Z,0.75
MASS2507,328.8,11.916375287812988,C,Z,C-Z,0.75
MASS1587,328.0,6.292841957906502,C,Z,C-Z,0.75
MASS0065,327.94,4.010866492115565,C,Z,C-Z,0.75
MASS2633,327.79,6.764246938249705,C,Z,C-Z,0.75
MASS0173,327.14,3.6474735256132185,C,Z,C-Z,0.75
MASS1617,326.71,4.498011702118276,C,Z,C-Z,0.75
MASS2250,324.58,5.2391221246360065,C,Z,C-Z,0.75
MASS2438,324.56,3.1293645643855794,C,Z,C-Z,0.75
MASS1595,324.32,4.482445186180284,C,Z,C-Z,0.75
MASS1388,323.67,6.923374371443108,C,Z,C-Z,0.75
MASS2160,321.29,5.8737953241996825,C,Z,C-Z,0.75
MASS1456,318.9,8.01219955294138,C,Z,C-Z,0.75
MASS0150,318.49,5.96771711436891,C,Z,C-Z,0.75
MASS1296,316.83,5.9852784812173345,C,Z,C-Z,0.75
MASS2486,315.97,8.040082791318047,C,Z,C-Z,0.75
MASS2314,314.73,3.2751362743092427,C,Z,C-Z,0.75
MASS2376,314.71999999999997,4.492120176786212,C,Z,C-Z,0.75
MASS1237,314.15,5.000965491488431,C,Z,C-Z,0.75
MASS2373,313.90999999999997,4.791604151470989,C,Z,C-Z,0.75
MASS2097,313.28000000000003,3.3467641545491973,C,Z,C-Z,0.75
MASS2031,312.34000000000003,4.143839094264821,C,Z,C-Z,0.75
MASS2148,311.5,6.971382077764577,C,Z,C-Z,0.75
MASS1068,310.71,2.936478601643398,C,Z,C-Z,0.75
MASS1915,310.07,3.23790954657958,C,Z,C-Z,0.75
MASS1078,309.74,5.969178205359263,C,Z,C-Z,0.75
MASS2032,307.35,3.842165429544274,C,Z,C-Z,0.75
MASS1262,306.12,3.6360217572416236,C,Z,C-Z,0.75
MASS1955,305.63,3.050451300225306,C,Z,C-Z,0.75
MASS1934,305.35,3.4927059472674724,C,Z,C-Z,0.75
MASS2721,305.15,8.14769906169834,C,Z,C-Z,0.75
MASS1892,302.82000000000005,6.387455901282466,C,Z,C-Z,0.75
MASS1814,302.5,9.406046776594291,C,Z,C-Z,0.75
MASS0053,301.47,3.348981645175574,C,Z,C-Z,0.75
MASS0859,301.14,3.715279449669043,C,Z,C-Z,0.75
MASS0390,300.25,3.0021613824371975,C,Z,C-Z,0.75
MASS1596,299.87,4.917172578879126,C,Z,C-Z,0.75
MASS1465,298.88,2.7344050783553375,C,Z,C-Z,0.75
MASS2252,298.55,4.540890797003982,C,Z,C-Z,0.75
MASS2239,297.83,3.5019945684490734,C,Z,C-Z,0.75
MASS1213,297.72,4.193307738198336,C,Z,C-Z,0.75
MASS1936,296.36,8.396216642078096,C,Z,C-Z,0.75
MASS2375,296.27,7.083514902104078,C,Z,C-Z,0.75
MASS1759,295.87,2.5961136881233844,C,Z,C-Z,0.75
MASS2727,295.44,11.187356366648434,C,Z,C-Z,0.75
MASS2581,295.2,11.916375287812983,C,Z,C-Z,0.75
MASS0055,294.98,3.447683979528146,C,Z,C-Z,0.75
MASS2640,294.66,6.859611959563311,C,Z,C-Z,0.75
MASS1024,293.49,7.28680440774052,C,Z,C-Z,0.75
MASS0279,293.26,5.015316765534526,C,Z,C-Z,0.75
MASS0598,292.83000000000004,5.12329166677495,C,Z,C-Z,0.75
MASS0012,292.70000000000005,7.764126583255233,C,Z,C-Z,0.75
MASS1240,291.46,4.344538261129638,C,Z,C-Z,0.75
MASS2092,291.26,3.358763337365286,C,Z,C-Z,0.75
MASS2433,290.88,9.400656382696472,C,Z,C-Z,0.75
MASS1316,290.77,4.122246566507651,C,Z,C-Z,0.75
MASS2722,290.15,7.843301353363099,C,Z,C-Z,0.75
MASS0588,286.55,4.066572279418409,C,Z,C-Z,0.75
MASS2572,286.2,11.916375287812988,C,Z,C-Z,0.75
MASS2573,286.2,11.916375287812988,C,Z,C-Z,0.75
MASS0778,284.48,3.883974660417697,C,Z,C-Z,0.75
MASS2163,284.43,7.954391519824286,C,Z,C-Z,0.75
MASS1672,284.31,4.774556381762812,C,Z,C-Z,0.75
MASS2735,284.0,9.22893399458385,C,Z,C-Z,0.75
MASS2725,283.11,7.7952037859642305,C,Z,C-Z,0.75
MASS1090,281.65,5.486068752267869,C,Z,C-Z,0.75
MASS2340,281.05000000000007,16.564123914149977,C,Z,C-Z,0.75
MASS1894,280.27,4.204735262751363,C,Z,C-Z,0.75
MASS2251,279.45,4.205903690093264,C,Z,C-Z,0.75
MASS2001,278.29,3.1021351820128085,C,Z,C-Z,0.75
MASS1958,278.0,4.97334740362697,C,Z,C-Z,0.75
MASS1891,277.77,4.420942247862106,C,Z,C-Z,0.75
MASS0931,277.67,4.016232230505059,C,Z,C-Z,0.75
MASS1968,276.94,4.812228289390686,C,Z,C-Z,0.75
MASS1484,276.0,8.856708889660199,C,Z,C-Z,0.75
MASS1438,275.99,8.396216642078098,C,Z,C-Z,0.75
MASS2310,275.87,4.09038204308258,C,Z,C-Z,0.75
MASS1616,275.77,3.6947442065416447,C,Z,C-Z,0.75
MASS2180,275.59,4.225915086746376,C,Z,C-Z,0.75
MASS1890,275.57,3.9806526392349184,C,Z,C-Z,0.75
MASS1758,274.43,2.6406982501824072,C,Z,C-Z,0.75
MASS2612,272.14,7.558863244825873,C,Z,C-Z,0.75
MASS0052,271.17,3.1412693272710803,C,Z,C-Z,0.75
MASS0703,269.07,5.891676411692243,C,Z,C-Z,0.75
MASS2689,267.95,10.830409009290028,C,Z,C-Z,0.75
MASS2728,267.69,9.076905097262335,C,Z,C-Z,0.75
MASS1297,266.7,3.5497634419985924,C,Z,C-Z,0.75
MASS0172,266.6,7.74503903176603,C,Z,C-Z,0.75
MASS2523,266.4,11.916375287812988,C,Z,C-Z,0.75
MASS1761,264.34,3.050343884690608,C,Z,C-Z,0.75
MASS0594,262.0,7.219085844669857,C,Z,C-Z,0.75
MASS2489,261.0,8.986564897892933,C,Z,C-Z,0.75
MASS2498,260.4,11.916375287812988,C,Z,C-Z,0.75
MASS2576,260.4,11.916375287812988,C,Z,C-Z,0.75
MASS2522,260.4,11.916375287812988,C,Z,C-Z,0.75
MASS2723,257.37,8.466305610816256,C,Z,C-Z,0.75
MASS1710,256.1,5.052467403329004,C,Z,C-Z,0.75
MASS2483,256.07,8.507138868136575,C,Z,C-Z,0.75
MASS1762,256.05,4.845175124370182,C,Z,C-Z,0.75
MASS0771,255.08,4.613234465556777,C,Z,C-Z,0.75
MASS0930,254.97,3.0075838377344146,C,Z,C-Z,0.75
MASS2276,254.78,6.533721704093355,C,Z,C-Z,0.75
MASS1967,254.13,4.729192113875276,C,Z,C-Z,0.75
MASS2709,254.04,8.404262090430057,C,Z,C-Z,0.75
MASS1951,254.0,5.96962716028405,C,Z,C-Z,0.75
MASS1047,253.31,2.5902509174337243,C,Z,C-Z,0.75
MASS1225,252.49,6.694272033809538,C,Z,C-Z,0.75
MASS1956,252.48000000000002,2.710340402213932,C,Z,C-Z,0.75
MASS3021,252.0,8.481852910309968,C,Z,C-Z,0.75
MASS1971,250.32,4.599892073972885,C,Z,C-Z,0.75
MASS1969,248.72,4.869310320387787,C,Z,C-Z,0.75
MASS2575,248.4,11.916375287812988,C,Z,C-Z,0.75
MASS2300,246.6,6.804519981389625,C,Z,C-Z,0.75
MASS2183,246.44,4.338659863931905,C,Z,C-Z,0.75
MASS1697,246.25,4.177758808532444,C,Z,C-Z,0.75
MASS3026,246.0,6.323938457060879,C,Z,C-Z,0.75
MASS1236,245.94,5.985944766849512,C,Z,C-Z,0.75
MASS2609,245.3,7.565318403953101,C,Z,C-Z,0.75
MASS1511,245.2,2.8411648155000835,C,Z,C-Z,0.75
MASS3060,245.0,5.055860418218418,C,Z,C-Z,0.75
MASS2071,244.18,3.7745195238511893,C,Z,C-Z,0.75
MASS1029,243.51999999999998,4.667529074467391,C,Z,C-Z,0.75
MASS1726,243.14,6.236946551569054,C,Z,C-Z,0.75
MASS1748,241.95,7.031771464508642,C,Z,C-Z,0.75
MASS2386,240.76000000000002,4.947410494193047,C,Z,C-Z,0.75
MASS2707,240.12,10.678624337062416,C,Z,C-Z,0.75
MASS2647,239.45,7.326583095697205,C,Z,C-Z,0.75
MASS2557,239.4,11.916375287812988,C,Z,C-Z,0.75
MASS1850,238.6,6.939135086210733,C,Z,C-Z,0.75
MASS2578,238.2,11.916375287812988,C,Z,C-Z,0.75
MASS2508,238.2,11.916375287812988,C,Z,C-Z,0.75
MASS2439,237.93,3.66902752386496,C,Z,C-Z,0.75
MASS2553,236.4,11.916375287812988,C,Z,C-Z,0.75
MASS2253,235.91,3.908314523407369,C,Z,C-Z,0.75
MASS2440,235.64,5.396270492162739,C,Z,C-Z,0.75
MASS2172,235.41,3.815441648456456,C,Z,C-Z,0.75
MASS2161,235.4,7.200578384964238,C,Z,C-Z,0.75
MASS0011,234.52,6.247791099022219,C,Z,C-Z,0.75
MASS1103,234.3,6.504123857445279,C,Z,C-Z,0.75
MASS0262,233.5,6.443155076953468,C,Z,C-Z,0.75
MASS0747,231.60999999999999,2.8669098022487827,C,Z,C-Z,0.75
MASS1207,231.33999999999997,5.414148647800759,C,Z,C-Z,0.75
MASS2014,230.4,8.856708889660199,C,Z,C-Z,0.75
MASS2663,230.0,11.916375287812984,C,Z,C-Z,0.75
MASS2658,230.0,11.916375287812984,C,Z,C-Z,0.75
MASS2660,230.0,11.916375287812984,C,Z,C-Z,0.75
MASS1163,229.57,6.218233789928092,C,Z,C-Z,0.75
MASS0963,229.31,3.499996502858913,C,Z,C-Z,0.75
MASS2158,228.51,6.2011209236088805,C,Z,C-Z,0.75
MASS2491,228.0,9.294413957408112,C,Z,C-Z,0.75
MASS2490,228.0,9.294413957408112,C,Z,C-Z,0.75
MASS2492,228.0,9.294413957408112,C,Z,C-Z,0.75
MASS1930,226.37,3.6171603455083328,C,Z,C-Z,0.75
MASS0335,225.94,5.093509854220808,C,Z,C-Z,0.75
MASS0788,225.59,3.4644185132087273,C,Z,C-Z,0.75
MASS1209,225.3,4.879786931520682,C,Z,C-Z,0.75
MASS2574,224.4,11.916375287812988,C,Z,C-Z,0.75
MASS3022,223.79,8.117049088679037,C,Z,C-Z,0.75
MASS2256,223.46,4.442720311756823,C,Z,C-Z,0.75
MASS2287,222.78,4.629329706760914,C,Z,C-Z,0.75
MASS2583,222.67,7.552408251312524,C,Z,C-Z,0.75
MASS2355,222.65,11.874777115461088,C,Z,C-Z,0.75
MASS2563,221.4,11.916375287812988,C,Z,C-Z,0.75
MASS2120,221.31,5.69154260517164,C,Z,C-Z,0.75
MASS2094,220.9,4.019456227998301,C,Z,C-Z,0.75
MASS1533,220.42,7.481105087708189,C,Z,C-Z,0.75
MASS1046,220.31,2.820809840625731,C,Z,C-Z,0.75
MASS1744,220.1,6.999156180143615,C,Z,C-Z,0.75
MASS0384,219.69,3.7188564932007364,C,Z,C-Z,0.75
MASS2443,219.24,7.7202695442400415,C,Z,C-Z,0.75
MASS0917,218.59,7.489176907473118,C,Z,C-Z,0.75
MASS2565,218.4,11.916375287812988,C,Z,C-Z,0.75
MASS2546,218.4,11.916375287812988,C,Z,C-Z,0.75
MASS2356,218.12,13.194833570096245,C,Z,C-Z,0.75
MASS2171,217.83,3.274745537188093,C,Z,C-Z,0.75
MASS2354,217.38,6.733607262740067,C,Z,C-Z,0.75
MASS2288,216.94,4.149146679098318,C,Z,C-Z,0.75
MASS2493,216.0,11.916375287812988,C,Z,C-Z,0.75
MASS2511,215.4,11.916375287812988,C,Z,C-Z,0.75
MASS0254,215.18,5.167554995239551,C,Z,C-Z,0.75
MASS2206,213.02,3.2780523806235715,C,Z,C-Z,0.75
MASS1390,212.94,5.5749772826381285,C,Z,C-Z,0.75
MASS1050,210.91,2.821831733731401,C,Z,C-Z,0.75
MASS2264,210.21,4.212211599189146,C,Z,C-Z,0.75
MASS2170,210.13,4.196612883541746,C,Z,C-Z,0.75
MASS0257,209.92,4.052415203377019,C,Z,C-Z,0.75
MASS2526,209.4,11.916375287812988,C,Z,C-Z,0.75
MASS0484,209.2,8.396216642078098,C,Z,C-Z,0.75
MASS1642,208.74,5.656372023004636,C,Z,C-Z,0.75
MASS2568,208.2,11.916375287812988,C,Z,C-Z,0.75
MASS2566,206.4,11.916375287812988,C,Z,C-Z,0.75
MASS2208,205.95999999999998,5.224595180399565,C,Z,C-Z,0.75
MASS1606,205.25,4.26851357156077,C,Z,C-Z,0.75
MASS2185,204.3,5.33875526493803,C,Z,C-Z,0.75
MASS1607,203.2,3.6637861113238146,C,Z,C-Z,0.75
MASS1782,202.0,11.916375287812984,C,Z,C-Z,0.75
MASS1056,201.36,4.982148781784078,C,Z,C-Z,0.75
MASS2737,200.52,10.789094396655436,C,Z,C-Z,0.75
MASS3038,198.9,8.796774417255707,C,Z,C-Z,0.75
MASS1208,198.52,5.342550202757339,C,Z,C-Z,0.75
MASS1594,198.11,6.061912251249105,C,Z,C-Z,0.75
MASS1051,197.97,2.691714292392457,C,Z,C-Z,0.75
MASS2519,196.8,11.916375287812988,C,Z,C-Z,0.75
MASS2333,196.38,7.637799871495738,C,Z,C-Z,0.75
MASS1593,194.81,5.722113382333811,C,Z,C-Z,0.75
MASS0501,194.65,8.856708889660199,C,Z,C-Z,0.75
MASS1772,194.26,8.856708889660197,C,Z,C-Z,0.75
MASS1486,193.0,8.396216642078096,C,Z,C-Z,0.75
MASS1387,192.6,7.602862403287352,C,Z,C-Z,0.75
MASS2484,190.0,9.233351819117631,C,Z,C-Z,0.75
MASS2488,190.0,9.233351819117631,C,Z,C-Z,0.75
MASS2485,190.0,9.233351819117631,C,Z,C-Z,0.75
MASS2162,189.73000000000002,7.980910720394462,C,Z,C-Z,0.75
MASS2654,188.92,11.916375287812984,C,Z,C-Z,0.75
MASS2719,187.33,6.36054263258166,C,Z,C-Z,0.75
MASS2713,186.94,6.42609981074759,C,Z,C-Z,0.75
MASS2367,185.89,15.189986920285847,C,Z,C-Z,0.75
MASS1937,185.78,4.113503447608319,C,Z,C-Z,0.75
MASS2388,184.14,6.636274696241229,C,Z,C-Z,0.75
MASS1568,184.0,9.8100831034428,C,Z,C-Z,0.75
MASS0054,183.78,3.9690884858886215,C,Z,C-Z,0.75
MASS1765,183.64,6.824136206043139,C,Z,C-Z,0.75
MASS2503,182.4,11.916375287812988,C,Z,C-Z,0.75
MASS1699,182.39,4.427169812116006,C,Z,C-Z,0.75
MASS0383,181.69,4.53837029740884,C,Z,C-Z,0.75
MASS2299,181.67,7.509348317479358,C,Z,C-Z,0.75
MASS1701,181.32,2.91824436500217,C,Z,C-Z,0.75
MASS2726,180.10999999999999,8.250112756561055,C,Z,C-Z,0.75
MASS2271,179.1,8.12912386169492,C,Z,C-Z,0.75
MASS1049,178.5,3.139562154990826,C,Z,C-Z,0.75
MASS1641,178.48,6.45536924322507,C,Z,C-Z,0.75
MASS1965,177.96,3.9719422614433277,C,Z,C-Z,0.75
MASS2686,177.1,12.696435245201027,C,Z,C-Z,0.75
MASS1143,176.99,4.750513223486998,C,Z,C-Z,0.75
MASS2570,176.4,11.916375287812988,C,Z,C-Z,0.75
MASS2066,176.38,4.0490824678601545,C,Z,C-Z,0.75
MASS1204,175.82,4.500397490616228,C,Z,C-Z,0.75
MASS2156,175.3,7.183795089761305,C,Z,C-Z,0.75
MASS2207,174.98,5.184524161400142,C,Z,C-Z,0.75
MASS1731,173.68,6.728524249444381,C,Z,C-Z,0.75
MASS2610,173.53,10.256266905540382,C,Z,C-Z,0.75
MASS0346,173.28,5.9910331795909535,C,Z,C-Z,0.75
MASS2517,172.8,11.916375287812988,C,Z,C-Z,0.75
MASS2289,171.89,5.67370978955473,C,Z,C-Z,0.75
MASS1339,171.27,5.164852785387039,C,Z,C-Z,0.75
MASS1026,170.6,6.732750283460455,C,Z,C-Z,0.75
MASS2562,170.4,11.916375287812988,C,Z,C-Z,0.75
MASS2078,168.96,4.4506611368163655,C,Z,C-Z,0.75
MASS1292,168.79999999999998,3.833345953424091,C,Z,C-Z,0.75
MASS2173,168.15,3.26603064041962,C,Z,C-Z,0.75
MASS0969,166.84,4.040680734132048,C,Z,C-Z,0.75
MASS1966,166.71,6.46498790526175,C,Z,C-Z,0.75
MASS1939,166.39000000000001,3.5394804613038318,C,Z,C-Z,0.75
MASS2705,165.76,7.037819831207278,C,Z,C-Z,0.75
MASS2012,165.69,8.856708889660197,C,Z,C-Z,0.75
MASS2030,165.21,4.610905345933274,C,Z,C-Z,0.75
MASS2607,165.0,6.830954438018084,C,Z,C-Z,0.75
MASS2075,164.71,4.29623946318628,C,Z,C-Z,0.75
MASS0392,164.68,4.023311038978289,C,Z,C-Z,0.75
MASS2571,164.4,11.916375287812988,C,Z,C-Z,0.75
MASS2505,164.4,11.916375287812988,C,Z,C-Z,0.75
MASS0741,163.26999999999998,8.09511765609594,C,Z,C-Z,0.75
MASS2528,163.2,11.916375287812988,C,Z,C-Z,0.75
MASS1970,161.82,5.308298094330406,C,Z,C-Z,0.75
MASS2623,161.58,6.461012370446587,C,Z,C-Z,0.75
MASS0381,161.52,3.5474626064637866,C,Z,C-Z,0.75
MASS3054,161.31,5.591655133073013,C,Z,C-Z,0.75
MASS1708,161.24,5.985944766849512,C,Z,C-Z,0.75
MASS1630,160.0,11.916375287812984,C,Z,C-Z,0.75
MASS0297,158.44,6.958983991291515,C,Z,C-Z,0.75
MASS2559,158.4,11.916375287812988,C,Z,C-Z,0.75
MASS1164,158.18,5.887581088265868,C,Z,C-Z,0.75
MASS2247,157.02,4.58877534525276,C,Z,C-Z,0.75
MASS0474,156.91000000000003,8.856708889660197,C,Z,C-Z,0.75
MASS2706,156.85999999999999,10.92435651616204,C,Z,C-Z,0.75
MASS1700,155.9,3.524157316462214,C,Z,C-Z,0.75
MASS0985,155.25,6.534208075758299,C,Z,C-Z,0.75
MASS1613,153.79,8.008781626210556,C,Z,C-Z,0.75
MASS2688,153.64000000000001,11.79071735294921,C,Z,C-Z,0.75
MASS1688,152.9,4.2505071065971896,C,Z,C-Z,0.75
MASS2536,152.4,11.916375287812988,C,Z,C-Z,0.75
MASS2521,152.4,11.916375287812988,C,Z,C-Z,0.75
MASS2549,152.4,11.916375287812988,C,Z,C-Z,0.75
MASS2506,152.4,11.916375287812988,C,Z,C-Z,0.75
MASS1149,152.18,4.170401541562502,C,Z,C-Z,0.75
MASS2210,151.16,5.387429550641063,C,Z,C-Z,0.75
MASS1506,150.93,3.6437086341788154,C,Z,C-Z,0.75
MASS0500,150.31,6.830954438018083,C,Z,C-Z,0.75
MASS0374,149.86,6.7008439404059175,C,Z,C-Z,0.75
MASS1232,149.20999999999998,5.4533872615204455,C,Z,C-Z,0.75
MASS1658,148.64,5.2151102085930345,C,Z,C-Z,0.75
MASS2712,148.54,6.944703996065751,C,Z,C-Z,0.75
MASS0827,148.44,3.6598466653032538,C,Z,C-Z,0.75
MASS2552,148.2,11.916375287812988,C,Z,C-Z,0.75
MASS1395,147.99,8.82001894073491,C,Z,C-Z,0.75
MASS2387,147.71,6.1349956315928535,C,Z,C-Z,0.75
MASS0370,147.63,6.70740940786418,C,Z,C-Z,0.75
MASS1515,147.59,5.985944766849514,C,Z,C-Z,0.75
MASS3032,147.0,8.172221067907607,C,Z,C-Z,0.75
MASS1466,146.55,3.8522337453290714,C,Z,C-Z,0.75
MASS0828,146.42000000000002,7.054106997481316,C,Z,C-Z,0.75
MASS2540,146.4,11.916375287812988,C,Z,C-Z,0.75
MASS2147,145.5,8.8567088896602,C,Z,C-Z,0.75
MASS0132,145.4,8.396216642078098,C,Z,C-Z,0.75
MASS0487,145.39,8.856708889660197,C,Z,C-Z,0.75
MASS2551,145.2,11.916375287812988,C,Z,C-Z,0.75
MASS1941,144.81,3.7891036059737453,C,Z,C-Z,0.75
MASS1155,143.92000000000002,4.881602325600892,C,Z,C-Z,0.75
MASS0143,143.66,5.022447408188775,C,Z,C-Z,0.75
MASS0252,142.96,7.154753416708412,C,Z,C-Z,0.75
MASS2159,142.37,7.711084883251613,C,Z,C-Z,0.75
MASS2541,142.2,11.916375287812988,C,Z,C-Z,0.75
MASS1779,142.13,8.575959039858601,C,Z,C-Z,0.75
MASS1480,142.0,11.748547518494627,C,Z,C-Z,0.75
MASS2174,141.38,3.827209207790721,C,Z,C-Z,0.75
MASS2268,141.07,5.350435051502517,C,Z,C-Z,0.75
MASS0051,140.94,4.134559817481765,C,Z,C-Z,0.75
MASS0995,140.48,6.437038632448064,C,Z,C-Z,0.75
MASS2157,140.2,7.711084883251613,C,Z,C-Z,0.75
MASS1771,140.0,11.916375287812984,C,Z,C-Z,0.75
MASS0898,140.0,11.916375287812984,C,Z,C-Z,0.75
MASS2011,139.75,3.3542001373348103,C,Z,C-Z,0.75
MASS1775,138.0,11.916375287812984,C,Z,C-Z,0.75
MASS1003,137.75,3.2923622472293976,C,Z,C-Z,0.75
MASS1660,136.31,4.327377281125259,C,Z,C-Z,0.75
MASS2000,135.29,23.84654111198698,C,Z,C-Z,0.75
MASS0104,135.0,7.612131722364283,C,Z,C-Z,0.75
MASS1847,134.04,5.253030196099654,C,Z,C-Z,0.75
MASS0847,133.7,11.916375287812984,C,Z,C-Z,0.75
MASS2545,133.2,11.916375287812988,C,Z,C-Z,0.75
MASS1659,132.76,4.2664757949261345,C,Z,C-Z,0.75
MASS3058,132.0,6.491170598032804,C,Z,C-Z,0.75
MASS2445,130.4,3.857795317583859,C,Z,C-Z,0.75
MASS2524,130.2,11.916375287812988,C,Z,C-Z,0.75
MASS1773,130.0,11.916375287812984,C,Z,C-Z,0.75
MASS3034,129.09,8.856708889660196,C,Z,C-Z,0.75
MASS1702,128.74,3.739986308393903,C,Z,C-Z,0.75
MASS2520,128.4,11.916375287812988,C,Z,C-Z,0.75
MASS1783,128.4,8.527790331116437,C,Z,C-Z,0.75
MASS2198,128.10999999999999,5.082027649835443,C,Z,C-Z,0.75
MASS0376,127.72,7.1963123102420266,C,Z,C-Z,0.75
MASS1704,126.97,3.6138810238332097,C,Z,C-Z,0.75
MASS2262,126.76,4.332889816271861,C,Z,C-Z,0.75
MASS1261,125.25999999999999,6.747864658678654,C,Z,C-Z,0.75
MASS2680,125.0,11.916375287812983,C,Z,C-Z,0.75
MASS1603,124.68,4.277717294098215,C,Z,C-Z,0.75
MASS1105,124.6,7.362179104613298,C,Z,C-Z,0.75
MASS0174,124.52,5.756374819609107,C,Z,C-Z,0.75
MASS2535,124.2,11.916375287812988,C,Z,C-Z,0.75
MASS0373,124.06,7.1963123102420266,C,Z,C-Z,0.75
MASS1460,123.82,6.450505505508522,C,Z,C-Z,0.75
MASS1529,122.98,4.991286734140942,C,Z,C-Z,0.75
MASS2312,122.58,5.147375820068923,C,Z,C-Z,0.75
MASS1259,122.13,7.751486153548396,C,Z,C-Z,0.75
MASS0272,122.09,5.451761593484076,C,Z,C-Z,0.75
MASS0844,121.64,4.744431433757857,C,Z,C-Z,0.75
MASS0972,121.43,5.275388977320796,C,Z,C-Z,0.75
MASS0746,121.37,4.8438631529273035,C,Z,C-Z,0.75
MASS2258,119.60000000000001,3.897810919546894,C,Z,C-Z,0.75
MASS2690,119.6,8.496401916362071,C,Z,C-Z,0.75
MASS0304,119.52,6.1452192364589395,C,Z,C-Z,0.75
MASS2285,119.36,5.133610679114506,C,Z,C-Z,0.75
MASS2284,118.82,6.8883856162116865,C,Z,C-Z,0.75
MASS2013,118.8,8.856708889660197,C,Z,C-Z,0.75
MASS1572,118.56,6.226083115188631,C,Z,C-Z,0.75
MASS2534,118.2,11.916375287812988,C,Z,C-Z,0.75
MASS2558,118.2,11.916375287812988,C,Z,C-Z,0.75
MASS1279,118.15,4.4417267104373686,C,Z,C-Z,0.75
MASS0970,117.57,4.399040388945937,C,Z,C-Z,0.75
MASS0987,117.15,3.7336785874526077,C,Z,C-Z,0.75
MASS1940,116.52,4.1219411684882195,C,Z,C-Z,0.75
MASS1938,116.31,4.157345715823991,C,Z,C-Z,0.75
MASS1573,116.1,5.8772835056089985,C,Z,C-Z,0.75
MASS1110,115.39,4.229878007306363,C,Z,C-Z,0.75
MASS3029,115.33,8.56484651028148,C,Z,C-Z,0.75
MASS2527,115.2,11.916375287812988,C,Z,C-Z,0.75
MASS3005,115.0,9.551348139945713,C,Z,C-Z,0.75
MASS0649,114.8,9.400656382696472,C,Z,C-Z,0.75
MASS1609,114.42,3.0370263101253197,C,Z,C-Z,0.75
MASS2260,113.65,3.7585679633547344,C,Z,C-Z,0.75
MASS0712,113.09,5.277665159674315,C,Z,C-Z,0.75
MASS2444,112.15,4.295976195629434,C,Z,C-Z,0.75
MASS2594,111.93,4.661782635193102,C,Z,C-Z,0.75
MASS0064,111.2,8.396216642078096,C,Z,C-Z,0.75
MASS0136,110.76,8.856708889660197,C,Z,C-Z,0.75
MASS2283,110.56,7.496382106112995,C,Z,C-Z,0.75
MASS3050,110.53,5.470752773584548,C,Z,C-Z,0.75
MASS0245,110.42,5.894461879685357,C,Z,C-Z,0.75
MASS2579,110.1,11.916375287812988,C,Z,C-Z,0.75
MASS1317,109.62,6.3625953616095074,C,Z,C-Z,0.75
MASS1114,107.8,5.729893949388364,C,Z,C-Z,0.75
MASS2077,105.39,5.397706403459125,C,Z,C-Z,0.75
MASS1154,105.17,4.54705356095099,C,Z,C-Z,0.75
MASS3052,104.06,4.323899532944861,C,Z,C-Z,0.75
MASS1495,103.96000000000001,6.36054263258166,C,Z,C-Z,0.75
MASS2450,103.91,5.604270576958576,C,Z,C-Z,0.75
MASS1167,103.59,4.02642882800155,C,Z,C-Z,0.75
MASS2266,103.24,5.376584108864398,C,Z,C-Z,0.75
MASS2547,103.2,11.916375287812988,C,Z,C-Z,0.75
MASS3031,103.0,9.372484624854858,C,Z,C-Z,0.75
MASS0471,101.41,8.396216642078096,C,Z,C-Z,0.75
MASS2729,101.19999999999999,11.144665174859766,C,Z,C-Z,0.75
MASS2784,100.0,8.396216642078098,C,Z,C-Z,0.75
MASS0212,100.0,11.916375287812984,C,Z,C-Z,0.75
MASS2270,99.84,5.457672432361216,C,Z,C-Z,0.75
MASS0967,99.28,4.016232230505059,C,Z,C-Z,0.75
MASS1385,98.45,11.916375287812984,C,Z,C-Z,0.75
MASS2267,98.34,5.345259994407926,C,Z,C-Z,0.75
MASS2269,95.27,5.616857686670137,C,Z,C-Z,0.75
MASS2111,95.08,7.863184592166213,C,Z,C-Z,0.75
MASS1516,94.91,4.971336747278943,C,Z,C-Z,0.75
MASS2596,93.50999999999999,7.658310031276238,C,Z,C-Z,0.75
MASS2265,92.2,5.868484484195029,C,Z,C-Z,0.75
MASS1510,90.5,5.411340352715173,C,Z,C-Z,0.75
MASS2683,90.0,11.916375287812984,C,Z,C-Z,0.75
MASS0007,90.0,11.916375287812984,C,Z,C-Z,0.75
MASS0432,89.84,11.916375287812984,C,Z,C-Z,0.75
MASS0048,89.4,4.961832194200471,C,Z,C-Z,0.75
MASS0473,88.78,11.916375287812984,C,Z,C-Z,0.75
MASS0082,87.72,5.656372023004637,C,Z,C-Z,0.75
MASS2533,87.6,11.916375287812988,C,Z,C-Z,0.75
MASS0725,87.57000000000001,4.368616865430251,C,Z,C-Z,0.75
MASS1534,86.59,3.1335362045186037,C,Z,C-Z,0.75
MASS0871,85.56,4.938721228808782,C,Z,C-Z,0.75
MASS2538,85.2,11.916375287812988,C,Z,C-Z,0.75
MASS2539,85.2,11.916375287812988,C,Z,C-Z,0.75
MASS2537,85.2,11.916375287812988,C,Z,C-Z,0.75
MASS1391,84.18,8.448622001787957,C,Z,C-Z,0.75
MASS1485,82.95,11.916375287812984,C,Z,C-Z,0.75
MASS1260,82.58,5.08003322712091,C,Z,C-Z,0.75
MASS1338,82.25,6.486150336380897,C,Z,C-Z,0.75
MASS2518,82.2,11.916375287812988,C,Z,C-Z,0.75
MASS2681,81.2,11.916375287812984,C,Z,C-Z,0.75
MASS2682,81.2,11.916375287812984,C,Z,C-Z,0.75
MASS1337,81.07000000000001,6.566886831640581,C,Z,C-Z,0.75
MASS2257,80.62,4.627860932958712,C,Z,C-Z,0.75
MASS2255,80.59,5.766716885773215,C,Z,C-Z,0.75
MASS2679,80.0,8.856708889660199,C,Z,C-Z,0.75
MASS0770,79.41,9.833787993745224,C,Z,C-Z,0.75
MASS2714,79.26,7.329666920220142,C,Z,C-Z,0.75
MASS2561,79.2,11.916375287812988,C,Z,C-Z,0.75
MASS1705,77.78,7.637799871495738,C,Z,C-Z,0.75
MASS2560,77.7,11.916375287812988,C,Z,C-Z,0.75
MASS1097,77.52000000000001,6.533721704093356,C,Z,C-Z,0.75
MASS2718,77.19,7.0399016756512225,C,Z,C-Z,0.75
MASS0940,77.12,7.796543836114812,C,Z,C-Z,0.75
MASS1957,77.11,3.951896034753893,C,Z,C-Z,0.75
MASS1116,77.03999999999999,6.070708030918086,C,Z,C-Z,0.75
MASS0056,76.74,9.159878208487614,C,Z,C-Z,0.75
MASS0462,76.65,7.555761973956841,C,Z,C-Z,0.75
MASS2569,76.2,11.916375287812988,C,Z,C-Z,0.75
MASS0941,75.43,6.077299146440616,C,Z,C-Z,0.75
MASS3010,74.0,11.916375287812983,C,Z,C-Z,0.75
MASS0375,73.88,9.236064129685488,C,Z,C-Z,0.75
MASS0720,73.6,8.856708889660197,C,Z,C-Z,0.75
MASS2577,72.6,11.916375287812988,C,Z,C-Z,0.75
MASS1608,72.42,3.418320905104905,C,Z,C-Z,0.75
MASS0595,71.85,11.916375287812983,C,Z,C-Z,0.75
MASS1112,70.92,8.250112756561053,C,Z,C-Z,0.75
MASS2715,70.06,8.468350509755998,C,Z,C-Z,0.75
MASS2716,70.06,7.734224626308142,C,Z,C-Z,0.75
MASS1190,69.31,5.1690204696276005,C,Z,C-Z,0.75
MASS1446,69.12,11.916375287812984,C,Z,C-Z,0.75
MASS0403,68.69999999999999,8.856708889660196,C,Z,C-Z,0.75
MASS2259,68.65,4.744684668694426,C,Z,C-Z,0.75
MASS2076,68.52,6.390038310399009,C,Z,C-Z,0.75
MASS1393,66.5,11.916375287812988,C,Z,C-Z,0.75
MASS3051,66.39,6.554740085694474,C,Z,C-Z,0.75
MASS0685,66.32,8.396216642078096,C,Z,C-Z,0.75
MASS1096,65.33,5.948052429991961,C,Z,C-Z,0.75
MASS2254,65.27,5.766716885773215,C,Z,C-Z,0.75
MASS1192,65.22,34.80792303697494,C,Z,C-Z,0.75
MASS0624,64.7,11.916375287812983,C,Z,C-Z,0.75
MASS2595,64.45,5.3972924762952434,C,Z,C-Z,0.75
MASS2790,64.22,6.352841539614729,C,Z,C-Z,0.75
MASS1703,64.01,4.44745559033864,C,Z,C-Z,0.75
MASS1770,64.0,11.916375287812984,C,Z,C-Z,0.75
MASS2532,62.1,11.916375287812988,C,Z,C-Z,0.75
MASS0206,60.99,20.68850367709475,C,Z,C-Z,0.75
MASS1115,60.34,10.021672752534371,C,Z,C-Z,0.75
MASS0929,60.269999999999996,9.40065638269647,C,Z,C-Z,0.75
MASS0308,60.0,11.916375287812984,C,Z,C-Z,0.75
MASS0981,59.71,9.400656382696472,C,Z,C-Z,0.75
MASS1002,58.9,7.2540035412099515,C,Z,C-Z,0.75
MASS2240,58.8,8.56484651028148,C,Z,C-Z,0.75
MASS0485,58.6,11.916375287812984,C,Z,C-Z,0.75
MASS2209,58.18,7.115782301477283,C,Z,C-Z,0.75
MASS2797,57.73,6.35670997467461,C,Z,C-Z,0.75
MASS0100,57.49,5.858147489472611,C,Z,C-Z,0.75
MASS3059,57.46,9.037083765171339,C,Z,C-Z,0.75
MASS0410,56.85,8.396216642078096,C,Z,C-Z,0.75
MASS0140,56.24,7.104608433468225,C,Z,C-Z,0.75
MASS3045,53.33,5.934759570394781,C,Z,C-Z,0.75
MASS1109,52.98,9.810083103442798,C,Z,C-Z,0.75
MASS0244,52.68,9.40065638269647,C,Z,C-Z,0.75
MASS1394,52.67,8.856708889660197,C,Z,C-Z,0.75
MASS3055,52.150000000000006,6.14521923645894,C,Z,C-Z,0.75
MASS0344,51.58,3.657627181993702,C,Z,C-Z,0.75
MASS2788,51.46,6.257887120550446,C,Z,C-Z,0.75
MASS0983,50.65,8.431333957223142,C,Z,C-Z,0.75
MASS1111,48.92,5.119452158167357,C,Z,C-Z,0.75
MASS1034,48.910000000000004,9.40065638269647,C,Z,C-Z,0.75
MASS2793,47.94,6.2483101074957785,C,Z,C-Z,0.75
MASS0990,47.9,6.37991455214499,C,Z,C-Z,0.75
MASS0740,47.53,8.431333957223142,C,Z,C-Z,0.75
MASS0966,47.01,6.7762164907179585,C,Z,C-Z,0.75
MASS0690,46.33,6.830954438018083,C,Z,C-Z,0.75
MASS0617,45.839999999999996,5.626279539065914,C,Z,C-Z,0.75
MASS0430,44.92,11.916375287812984,C,Z,C-Z,0.75
MASS0107,44.120000000000005,7.522831023200302,C,Z,C-Z,0.75
MASS1156,42.33,7.448537387961354,C,Z,C-Z,0.75
MASS1769,42.0,11.916375287812984,C,Z,C-Z,0.75
MASS3056,41.92,5.176856420221356,C,Z,C-Z,0.75
MASS0803,41.75,8.081611646726824,C,Z,C-Z,0.75
MASS1576,41.0,6.8421107439608235,C,Z,C-Z,0.75
MASS2794,40.85,7.211972270100745,C,Z,C-Z,0.75
MASS0098,40.31,5.153312823331541,C,Z,C-Z,0.75
MASS1048,40.23,6.091806798467054,C,Z,C-Z,0.75
MASS2449,40.190000000000005,8.396216642078098,C,Z,C-Z,0.75
MASS0436,39.84,11.916375287812986,C,Z,C-Z,0.75
MASS0302,39.82,8.3962166420781,C,Z,C-Z,0.75
MASS2717,39.4,8.974542141995927,C,Z,C-Z,0.75
MASS0978,39.05,6.222306652584892,C,Z,C-Z,0.75
MASS0965,38.83,4.407095687776226,C,Z,C-Z,0.75
MASS0849,38.2,11.916375287812983,C,Z,C-Z,0.75
MASS1300,37.099999999999994,6.971916039229761,C,Z,C-Z,0.75
MASS0313,36.81,11.916375287812986,C,Z,C-Z,0.75
MASS0121,35.93,7.057875741871009,C,Z,C-Z,0.75
MASS0431,35.92,11.916375287812984,C,Z,C-Z,0.75
MASS1113,35.86,5.948052429991961,C,Z,C-Z,0.75
MASS0760,35.52,11.916375287812984,C,Z,C-Z,0.75
MASS1577,35.1,4.851039717871861,C,Z,C-Z,0.75
MASS1780,34.54,11.916375287812983,C,Z,C-Z,0.75
MASS0775,34.5,11.916375287812986,C,Z,C-Z,0.75
MASS1729,34.5,7.075794605619348,C,Z,C-Z,0.75
MASS1084,34.4,9.400656382696473,C,Z,C-Z,0.75
MASS0996,34.260000000000005,7.543531716501818,C,Z,C-Z,0.75
MASS3003,34.0,11.916375287812984,C,Z,C-Z,0.75
MASS2792,33.83,8.281889438491364,C,Z,C-Z,0.75
MASS1728,33.6,7.984141729011088,C,Z,C-Z,0.75
MASS0975,33.21,5.894461879685357,C,Z,C-Z,0.75
MASS0558,30.8,11.916375287812984,C,Z,C-Z,0.75
MASS1108,30.480000000000004,11.916375287812988,C,Z,C-Z,0.75
MASS2504,30.4,11.916375287812984,C,Z,C-Z,0.75
MASS2791,30.35,6.8541762504693455,C,Z,C-Z,0.75
MASS1302,30.349999999999998,4.777805266840488,C,Z,C-Z,0.75
MASS0976,30.09,7.2540035412099515,C,Z,C-Z,0.75
MASS1121,30.0,11.916375287812984,C,Z,C-Z,0.75
MASS2692,30.0,11.916375287812984,C,Z,C-Z,0.75
MASS2783,29.97,8.482671156160182,C,Z,C-Z,0.75
MASS3046,29.93,5.047346099982408,C,Z,C-Z,0.75
MASS2786,28.73,7.1179626500308375,C,Z,C-Z,0.75
MASS2580,28.7,11.916375287812984,C,Z,C-Z,0.75
MASS1252,28.0,11.916375287812984,C,Z,C-Z,0.75
MASS1959,28.0,11.916375287812984,C,Z,C-Z,0.75
MASS0001,27.81,6.533721704093356,C,Z,C-Z,0.75
MASS1584,27.5,5.116255866070348,C,Z,C-Z,0.75
MASS0776,27.32,7.868673863415254,C,Z,C-Z,0.75
MASS0360,27.26,11.916375287812984,C,Z,C-Z,0.75
MASS2789,27.25,7.870186661215589,C,Z,C-Z,0.75
MASS0804,27.0,8.396216642078098,C,Z,C-Z,0.75
MASS1774,26.0,11.916375287812984,C,Z,C-Z,0.75
MASS0706,26.0,11.916375287812983,C,Z,C-Z,0.75
MASS0974,25.85,6.830954438018083,C,Z,C-Z,0.75
MASS2687,25.3,11.916375287812986,C,Z,C-Z,0.75
MASS1106,25.29,11.916375287812984,C,Z,C-Z,0.75
MASS0548,25.02,8.3962166420781,C,Z,C-Z,0.75
MASS3044,24.79,7.3786609509747665,C,Z,C-Z,0.75
MASS0517,24.75,8.482671156160182,C,Z,C-Z,0.75
MASS2447,24.240000000000002,6.830954438018083,C,Z,C-Z,0.75
MASS2446,24.16,6.222306652584892,C,Z,C-Z,0.75
MASS0638,24.0,11.916375287812986,C,Z,C-Z,0.75
MASS1098,23.799999999999997,8.56484651028148,C,Z,C-Z,0.75
MASS2286,23.54,7.2540035412099515,C,Z,C-Z,0.75
MASS2720,23.4,10.665443520624832,C,Z,C-Z,0.75
MASS0003,23.15,6.262080523457798,C,Z,C-Z,0.75
MASS1104,23.0,11.916375287812983,C,Z,C-Z,0.75
MASS0188,22.490000000000002,5.025884655718483,C,Z,C-Z,0.75
MASS0620,22.0,11.916375287812984,C,Z,C-Z,0.75
MASS2787,21.85,7.51754868418357,C,Z,C-Z,0.75
MASS3048,21.34,7.389639841680763,C,Z,C-Z,0.75
MASS0444,21.12,11.916375287812984,C,Z,C-Z,0.75
MASS1144,21.12,11.916375287812984,C,Z,C-Z,0.75
MASS0250,20.66,8.513675088619392,C,Z,C-Z,0.75
MASS1067,20.259999999999998,8.3962166420781,C,Z,C-Z,0.75
MASS0773,20.0,10.343009957056793,C,Z,C-Z,0.75
MASS2795,19.33,9.626139059430283,C,Z,C-Z,0.75
MASS0647,19.2,8.482671156160182,C,Z,C-Z,0.75
MASS1350,18.63,11.916375287812984,C,Z,C-Z,0.75
MASS0909,18.17,8.396216642078096,C,Z,C-Z,0.75
MASS0536,18.05,7.104608433468223,C,Z,C-Z,0.75
MASS0176,18.02,8.564846510281479,C,Z,C-Z,0.75
MASS0991,17.78,8.482671156160182,C,Z,C-Z,0.75
MASS0187,17.5,11.916375287812984,C,Z,C-Z,0.75
MASS0372,16.84,6.830954438018083,C,Z,C-Z,0.75
MASS0105,16.5,11.916375287812981,C,Z,C-Z,0.75
MASS0838,16.34,11.191128467807825,C,Z,C-Z,0.75
MASS0689,16.0,11.916375287812984,C,Z,C-Z,0.75
MASS0123,15.12,7.389639841680763,C,Z,C-Z,0.75
MASS0901,15.0,11.916375287812984,C,Z,C-Z,0.75
MASS2798,15.0,11.916375287812984,C,Z,C-Z,0.75
MASS1578,14.6,5.582965479572597,C,Z,C-Z,0.75
MASS2796,14.33,10.597638711352161,C,Z,C-Z,0.75
MASS1494,13.89,11.916375287812984,C,Z,C-Z,0.75
MASS1218,13.57,11.916375287812984,C,Z,C-Z,0.75
MASS0997,13.54,11.916375287812984,C,Z,C-Z,0.75
MASS0437,13.28,11.916375287812984,C,Z,C-Z,0.75
MASS0748,13.06,9.14493074256406,C,Z,C-Z,0.75
MASS0196,12.74,11.916375287812984,C,Z,C-Z,0.75
MASS2175,12.48,8.65825764989209,C,Z,C-Z,0.75
MASS0860,12.0,11.916375287812984,C,Z,C-Z,0.75
MASS0026,12.0,8.3962166420781,C,Z,C-Z,0.75
MASS0022,10.86,8.564846510281479,C,Z,C-Z,0.75
MASS3041,10.8,11.916375287812988,C,Z,C-Z,0.75
MASS0734,10.58,11.916375287812984,C,Z,C-Z,0.75
MASS0458,10.56,11.916375287812984,C,Z,C-Z,0.75
MASS1145,10.56,11.916375287812984,C,Z,C-Z,0.75
MASS0774,10.0,11.916375287812983,C,Z,C-Z,0.75
MASS3057,9.61,8.396216642078098,C,Z,C-Z,0.75
MASS0926,9.54,11.916375287812986,C,Z,C-Z,0.75
MASS0659,9.3,9.810083103442798,C,Z,C-Z,0.75
MASS0756,9.05,8.396216642078096,C,Z,C-Z,0.75
MASS1248,9.0,11.916375287812984,C,Z,C-Z,0.75
MASS0845,8.99,11.916375287812984,C,Z,C-Z,0.75
MASS0294,8.72,11.916375287812984,C,Z,C-Z,0.75
MASS0226,8.7,11.916375287812984,C,Z,C-Z,0.75
MASS1001,8.45,11.916375287812984,C,Z,C-Z,0.75
MASS0223,8.4,11.916375287812984,C,Z,C-Z,0.75
MASS0977,8.0,11.916375287812984,C,Z,C-Z,0.75
MASS0925,7.95,11.916375287812983,C,Z,C-Z,0.75
MASS2302,7.84,11.916375287812984,C,Z,C-Z,0.75
MASS3042,7.779999999999999,8.396216642078098,C,Z,C-Z,0.75
MASS0455,7.68,11.916375287812984,C,Z,C-Z,0.75
MASS0451,7.68,11.916375287812984,C,Z,C-Z,0.75
MASS0636,7.47,11.916375287812984,C,Z,C-Z,0.75
MASS3033,7.4,11.916375287812984,C,Z,C-Z,0.75
MASS3040,7.2,8.396216642078098,C,Z,C-Z,0.75
MASS3030,7.0,11.916375287812984,C,Z,C-Z,0.75
MASS1123,6.9,11.916375287812984,C,Z,C-Z,0.75
MASS0268,6.85,11.916375287812984,C,Z,C-Z,0.75
MASS0269,6.85,11.916375287812984,C,Z,C-Z,0.75
MASS0378,6.27,11.916375287812984,C,Z,C-Z,0.75
MASS0120,6.0,8.3962166420781,C,Z,C-Z,0.75
MASS0101,6.0,11.916375287812984,C,Z,C-Z,0.75
MASS0371,5.52,11.916375287812984,C,Z,C-Z,0.75
MASS1629,5.4,8.448622001787957,C,Z,C-Z,0.75
MASS1122,5.3,11.916375287812984,C,Z,C-Z,0.75
MASS0989,5.08,11.916375287812984,C,Z,C-Z,0.75
MASS0510,5.05,8.396216642078096,C,Z,C-Z,0.75
MASS1197,5.0,11.916375287812984,C,Z,C-Z,0.75
MASS0729,5.0,11.916375287812984,C,Z,C-Z,0.75
MASS3053,3.6,11.916375287812984,C,Z,C-Z,0.75
MASS0263,3.6,11.916375287812984,C,Z,C-Z,0.75
MASS3049,3.58,11.916375287812984,C,Z,C-Z,0.75
MASS1052,3.18,11.916375287812984,C,Z,C-Z,0.75
MASS1277,3.05,11.916375287812984,C,Z,C-Z,0.75
MASS1682,2.7,11.916375287812986,C,Z,C-Z,0.75
MASS0170,2.38,7.330607770416308,C,Z,C-Z,0.75
MASS0772,1.8,11.916375287812986,C,Z,C-Z,0.75
MASS0924,1.59,11.916375287812984,C,Z,C-Z,0.75
MASS0923,1.59,11.916375287812984,C,Z,C-Z,0.75
MASS0922,1.59,11.916375287812984,C,Z,C-Z,0.75
MASS1690,1.35,11.916375287812984,C,Z,C-Z,0.75
MASS0146,1.0,11.916375287812984,C,Z,C-Z,0.75
MASS3065,0.19,7.077793803471339,C,Z,C-Z,0.75
MASS2661,0.0,0.0,C,X,C-X,0.85
MASS0309,0.0,0.0,C,X,C-X,0.85
MASS0296,0.0,0.0,C,X,C-X,0.85
