sku,nombre,total_unidades_vendidas,total_transacciones,primera_venta,ultima_venta,excluido_intencional
MASS1426,PANEL DECORATIVO DE PARED HAYE-05 2MM DE GROSOR 30CM*60CM,1485.0,65,2024-01-12 08:42:00,2026-08-27 13:55:00,False
MASS1423,PANEL DECORATIVO DE PARED HAYE-09 2MM DE GROSOR 30CM*60CM,1220.0,55,2024-01-08 10:54:00,2026-06-02 12:07:00,False
MASS1428,PANEL DECORATIVO DE PARED HAYE-30 2MM DE GROSOR 30CM*60CM,1161.0,45,2024-01-10 14:05:00,2026-07-29 14:37:00,False
MASS1424,PANEL DECORATIVO DE PARED HAYE-76 2MM DE GROSOR 30CM*60CM,1118.0,78,2024-01-12 08:42:00,2026-08-31 10:14:00,False
MASS1427,PANEL DECORATIVO DE PARED HAYE-08 2MM DE GROSOR 30CM*60CM,936.0,50,2024-01-12 08:42:00,2026-08-28 09:15:00,False
MASS1425,PANEL DECORATIVO DE PARED HAYE-54 2MM DE GROSOR 30CM*60CM,917.0,32,2024-01-10 13:42:00,2026-07-29 09:12:00,False
MASS1413,WALL PANEL 3D D095 BLANCO 1MM DE GROSOR 500MM*500MM,758.0,23,2024-01-04 12:46:00,2026-02-18 12:41:00,False
MASS0769,CINTA KINESIOLOGICA 5CM X 5M PEGA ALEMANA NEGRO,680.0,118,2024-01-31 13:46:00,2026-06-01 11:13:00,False
MASS1421,FOAMI 3D PLH-04 ROSADO 70CM*77CM,651.0,26,2024-01-19 19:06:00,2025-05-24 09:53:00,False
MASS1282,MAQUINA LAMINADORA A4 SL299,626.0,353,2024-01-06 09:08:00,2026-08-19 13:32:00,False
MASS1420,FOAMI 3D PLH-02 AZUL CLARO 70CM*77CM,574.0,24,2024-01-19 19:06:00,2026-07-17 09:17:00,False
MASS1352,MOUSE GAMER 1200 DPI,531.0,114,2024-02-09 15:52:00,2026-06-15 13:37:00,False
MASS0057,BALANZA COCINA 10KG MODELO B2090,511.0,74,2024-02-09 15:52:00,2024-11-16 07:22:00,False
MASS1411,WALL PANEL 3D D013 BLANCO  1MM DE GROSOR 500MM*500MM,498.0,28,2024-01-31 15:53:00,2026-08-14 13:17:00,False
MASS1422,FOAMI 3D PLH-05 VERDE MANZANA 70CM*77CM,494.0,20,2024-01-19 19:06:00,2026-06-11 09:56:00,False
MASS1450,CORRECTOR DE POSTURA TALLA U,493.0,15,2024-01-13 10:46:00,2024-05-09 15:08:00,False
MASS1412,WALL PANEL 3D D013 NEGRO 1MM DE GROSOR 500MM*500MM,467.0,17,2024-01-31 15:53:00,2026-08-14 13:17:00,False
MASS1102,PEINETA DE TIZAS DE COLORES,403.0,71,2024-01-06 09:45:00,2026-07-03 06:49:00,False
MASS1211,CINTA KINESIOLOGICA PARA LEVANTAR SENO NUDE,352.0,148,2024-02-10 08:38:00,2026-06-19 10:43:00,False
MASS1298,REFUERZO GRIFO DE AGUA,326.0,168,2024-07-02 10:36:00,2026-08-19 09:23:00,False
MASS0412,REGLETA ELECTRICA 1MT 6 TOMAS,318.0,49,2024-02-09 15:26:00,2025-08-20 12:22:00,False
MASS1561,WALL PANEL 3D D095 NEGRO 1MM DE GROSOR 500MM*500MM,307.0,23,2024-06-05 09:04:00,2026-08-18 09:14:00,False
MASS0172,CONVERTIDOR HDMI A VGA SIN AUDIO,290.0,9,2024-02-09 15:37:00,2025-02-17 14:39:00,False
MASS0998,RELOJ DESPERTADOR TIPO ESPEJO,288.0,33,2024-01-29 16:02:00,2026-06-06 11:53:00,False
MASS1405,WALL PANEL 036 MARRON 290*168*23,278.0,25,2024-01-29 10:50:00,2025-03-11 10:50:00,False
MASS1075,RACK ORGANIZADOR DE CUCHILLOS Y UTENSILIOS 50 CM (HM50),277.0,130,2024-02-09 15:52:00,2026-06-19 11:24:00,False
MASS1353,MOUSE GAMER MOUSE GAMING K-SNAKE Q7 7 BOTONES,274.0,55,2024-02-09 15:44:00,2025-05-20 07:00:00,False
MASS0408,RADIO BAOFENG BF-888S,270.0,23,2024-01-23 09:45:00,2024-07-10 09:28:00,False
MASS0863,LAMPARA LED SUPERFICIAL CUADRADA 12W,230.0,44,2024-05-10 08:36:00,2025-12-17 08:48:00,False
MASS1499,Maquina De Afeitar LT-808 Transparente Color Negro,223.0,102,2024-01-24 14:18:00,2026-06-04 14:47:00,False
MASS1314,AUDIFONO GAMER PC PS4 PS3 AZUL CON NEGRO,217.0,47,2024-01-06 08:31:00,2025-06-21 10:20:00,False
MASS1074,RACK ORGANIZADOR DE CUCHILLOS Y UTENSILIOS 30 CM (HM30),217.0,120,2024-02-09 15:52:00,2026-07-24 11:58:00,False
MASS1431,FAJA REDUCTORA MOLDEADORA CINTURA NEOPRENO ROSADO,212.0,18,2024-01-04 10:55:00,2026-03-02 09:13:00,False
MASS0326,MOUSE INALAMBRICO 6 BOTONES CAJA BLANCA NEGRO,211.0,42,2024-02-09 15:52:00,2025-05-24 12:21:00,False
MASS0864,LAMPARA LED SUPERFICIAL REDONDA 12W,208.0,54,2024-04-17 13:20:00,2026-02-21 12:13:00,False
MASS0597,VIBRADOR CONSOLADOR FEMALE VIBRATOR ROSADO HQMY8941,192.0,80,2024-03-09 09:28:00,2025-04-14 13:10:00,False
MASS1297,FILTRO DE AGUA MULTICAPAS,186.0,55,2024-06-26 11:41:00,2025-11-17 13:27:00,False
MASS2689,LAMINA PISO DE VINIL HHYM3013,180.0,6,2026-07-27 09:38:00,2026-08-24 15:06:00,False
MASS0358,PLANCHA DE CABELLO REMILNGTON RE-2081,167.0,24,2024-04-19 14:21:00,2026-06-10 08:58:00,False
MASS1210,HUMIDIFICADOR T2 280ML,158.0,42,2024-03-20 13:45:00,2026-06-10 10:06:00,False
MASS1087,LAMPARA SUPERFICIAL CUADRADA 24W,155.0,28,2024-03-26 09:29:00,2024-11-27 11:08:00,False
MASS1440,BASE FAN COOLER PARA LAPTOP N99,155.0,25,2024-02-09 15:52:00,2024-11-09 10:02:00,False
MASS1029,PROTECTOR DE METAL PARA PICAR,153.0,38,2024-10-22 19:13:00,2026-07-07 08:42:00,False
MASS1068,ORGANIZADOR DE CABLES,149.0,64,2024-09-28 06:39:00,2026-06-02 14:38:00,False
MASS0063,"""BASE TV FIJA 26*-63"""" B40""",146.0,70,2024-05-10 08:36:00,2026-08-17 09:49:00,False
MASS1455,PIZARRA LED BLANCO,140.0,8,2024-01-06 08:18:00,2024-02-26 12:33:00,False
MASS1342,MOUSE VERTICAL INALAMBRICO RECARGABLE ROJO CON NEGRO,140.0,14,2024-02-24 12:59:00,2024-08-19 14:46:00,False
MASS2597,ARNE STRAP ON CON CINTURON Y VIBRADOR ROSADO,135.0,63,2026-04-29 11:20:00,2026-08-31 07:02:00,False
MASS0365,PLUG ANAL SET 3 UNIDADES NEGRO METALPLUGSET,128.0,90,2024-06-03 13:53:00,2026-04-02 10:15:00,False
MASS1330,TONER HP 85A CRG-312,127.0,50,2024-01-03 14:32:00,2025-09-12 13:44:00,False
MASS1065,ORGANIZADOR DE OLLA 1 CARA 4 NIVELES (D061),124.0,43,2024-02-09 15:52:00,2025-09-16 14:31:00,False
MASS0559,TESTER DT-830B,124.0,77,2024-04-26 10:18:00,2026-07-07 13:17:00,False
MASS2690,LAMINA PISO DE VINIL HHYM3043,121.0,5,2026-07-11 08:56:00,2026-08-28 08:37:00,False
MASS1332,TONER HP 78A CE278A,120.0,45,2024-01-04 13:57:00,2025-11-19 15:34:00,False
MASS1516,LUBRICANTE 60ML CEREZA,119.0,11,2024-03-07 11:35:00,2025-08-08 08:43:00,False
MASS1066,ORGANIZADOR DE OLLA 2 CARA 4 NIVELES (D061-2),118.0,28,2024-02-09 15:52:00,2025-04-03 14:13:00,False
MASS1086,LAMPARA SUPERFICIAL REDONDA 24W,117.0,9,2024-03-23 12:30:00,2024-08-19 12:14:00,False
MASS1325,PISO DE VINIL AUTOADHESIVO ALTO TRAFICO 2MM GROSOR 5MTRS HHYM3038,115.0,6,2024-01-19 19:06:00,2024-02-28 07:39:00,False
MASS1329,TONER CANON CRG128,109.0,43,2024-01-04 13:57:00,2026-08-10 17:50:00,False
MASS0980,HUMIDIFICADOR COLOR FULL RGB SPRAY RECARGABLE NEGRO,108.0,36,2024-06-03 08:49:00,2026-08-28 10:17:00,False
MASS1400,PISO DE VINIL CUADRADO AUTOADHESIVO NEGRO HHYM7712 ALTO TRAFICO 2MM GROSOR 457MM*457MM,107.0,22,2024-01-31 15:53:00,2025-07-29 07:26:00,False
MASS0633,TRANSMISOR 2 EN 1 BT5.0,105.0,57,2024-08-23 13:22:00,2026-08-31 09:56:00,False
MASS1323,PISO DE VINIL AUTOADHESIVO ALTO TRAFICO 2MM GROSOR 5MTRS HHYM3054,105.0,22,2024-01-17 13:33:00,2024-09-05 14:59:00,False
MASS1399,PISO DE VINIL CUADRADO AUTOADHESIVO GRIS OSCURO HHYM6602 ALTO TRAFICO 2MM GROSOR 457MM*457MM,103.0,15,2024-01-31 15:53:00,2024-05-21 15:39:00,False
MASS0917,EXPRIMIDOR ACRILICO MANUAL DE LIMON,96.0,28,2024-06-15 17:19:00,2026-08-12 18:57:00,False
MASS1398,PISO DE VINIL CUADRADO AUTOADHESIVO GRIS CLARO HHYM6601 ALTO TRAFICO 2MM GROSOR 457MM*457MM,96.0,12,2024-01-09 08:31:00,2024-04-08 13:57:00,False
MASS1360,TARJETA DE SONIDO V8 CON EFECTOS USB,95.0,19,2024-02-09 15:52:00,2025-01-03 09:30:00,False
MASS2688,LAMINA PISO DE VINIL HHYM3018,95.0,2,2026-07-01 07:01:00,2026-07-27 14:32:00,False
MASS1501,Maquina De Afeitar LT-808 Transparente Color Verde,94.0,43,2024-01-24 14:18:00,2025-06-25 09:49:00,False
MASS0827,MINI SELLADORA PORTATIL DE BOLSA,93.0,31,2024-11-28 14:43:00,2025-07-01 20:34:00,False
MASS1498,JUEGO DE DESTORNILLADOR 32PCS,93.0,45,2024-02-09 15:45:00,2026-06-02 12:23:00,False
MASS1401,PISO DE VINIL CUADRADO AUTOADHESIVO AZUL HHYM9916 ALTO TRAFICO 2MM GROSOR 457MM*457MM,91.0,16,2024-01-31 15:53:00,2025-12-22 17:14:00,False
MASS1500,Maquina De Afeitar LT-808 Transparente Color Blanca,90.0,47,2024-01-24 14:18:00,2026-05-30 16:23:00,False
MASS1316,GUANTE CON LINTERNA RECARGABLE,89.0,25,2024-06-13 12:48:00,2026-06-05 13:27:00,False
MASS0988,RELOJ INTELIGENTE D20 ULTRA NEGRO,89.0,12,2024-05-18 12:13:00,2025-12-19 15:07:00,False
MASS1404,PISO VINIL AUTOADHESIVO HHYM3023 ALTO TRAFICO 2MM GROSOR 914.4MM*152.4MM,89.0,3,2024-01-04 12:07:00,2024-01-19 19:06:00,False
MASS0279,MAQUINA DE AFEITAR INALAMBRICA WAIKIL MODEL 6023,89.0,11,2024-03-27 08:30:00,2025-02-13 07:16:00,False
MASS0859,LAMPARA LED SUPERFICIAL CUADRADA 18W,88.0,19,2024-04-04 14:44:00,2024-11-29 08:15:00,False
MASS1403,PISO VINIL AUTOADHESIVO HHYM3015 ALTO TRAFICO 2MM GROSOR 914.4MM*152.4MM,88.0,3,2024-01-04 12:07:00,2024-01-19 19:06:00,False
MASS0249,CINTA LED 5050 5MTS,84.0,16,2024-03-26 09:29:00,2025-02-15 10:24:00,False
MASS2292,LUBRICANTE ANAL LOVE MONOGATARI DURAZNO 200ML ZTAO03,81.0,30,2025-11-21 14:12:00,2026-02-04 07:57:00,False
MASS1319,AUDIFONO GAMER PC PS4 PS3 ROJO CON NEGRO,79.0,7,2024-02-09 15:52:00,2024-04-26 10:18:00,False
MASS1292,DISPENSADOR DE JABON ESPONJA FREGADERO,78.0,19,2024-03-27 15:53:00,2024-12-04 08:34:00,False
MASS1056,CAJA DE CONDONES TEXTURIZADO SHULEMEI (10 PCS),78.0,25,2024-02-01 08:17:00,2025-12-04 12:54:00,False
MASS2686,LAMINA PISO DE VINIL HHYM3039,77.0,5,2026-07-28 09:48:00,2026-08-19 15:31:00,False
MASS1057,HUMIDIFICADOR GRANDE 3LTS,74.0,36,2024-04-26 10:18:00,2026-07-15 12:14:00,False
MASS0335,OXIMETRO,74.0,17,2024-12-16 13:56:00,2025-06-12 07:37:00,False
MASS0173,CONVERTIDOR MINI HDMI A VGA,73.0,33,2025-01-07 08:06:00,2026-08-17 07:42:00,False
MASS0982,HUMIDIFICADOR COLOR FULL RGB SPRAY RECARGABLE BLANCO,73.0,27,2024-06-03 08:49:00,2026-08-29 11:02:00,False
MASS1281,TABLA PARA PICAR 4 EN 1,73.0,44,2024-05-10 08:45:00,2026-05-31 15:14:00,False
MASS0635,CAMARA VISUAL EAR 3 EN 1,73.0,33,2024-07-13 10:19:00,2026-08-13 09:41:00,False
MASS0770,CINTA KINESIOLOGICA 5CM X 5M PEGA ALEMANA ROJO,72.0,8,2024-02-09 15:52:00,2024-11-13 10:53:00,False
MASS1502,Maquina De Afeitar LT-808 Transparente Color Azul,71.0,38,2024-01-24 14:18:00,2025-06-19 09:28:00,False
MASS1143,MORDAZA SEXO ORAL KJZB001 ROJA,69.0,23,2024-06-03 13:53:00,2026-08-14 10:44:00,False
MASS0961,CREMA DEPILADORA,67.0,61,2024-08-08 11:14:00,2025-12-05 13:03:00,False
MASS0560,TESTER DT9205B,67.0,24,2024-04-26 10:18:00,2026-07-27 09:16:00,False
MASS0969,CEPILLO LIMPIADOR DE AUDIFONO,66.0,34,2025-01-07 12:12:00,2026-08-28 09:11:00,False
MASS1162,RABBIT PUNTO G 10 VELOCIDADES CON PUYAS YCA45010 MORADO,65.0,42,2024-12-12 15:24:00,2026-07-17 17:11:00,False
MASS0361,PLUG ANAL SET 3 UNIDADES ROJO METALPLUGSET,58.0,39,2024-08-26 08:56:00,2025-08-25 13:47:00,False
MASS1199,PLUG ANAL SET 3 UNIDADES FUCSIA METALPLUGSET,58.0,43,2024-12-04 13:22:00,2026-02-17 11:58:00,False
MASS0971,CONSERVADOR PARA HIERBAS,57.0,24,2024-06-03 08:49:00,2026-08-17 18:44:00,False
MASS1103,PIZARRA LED NEGRA,55.0,6,2024-01-06 09:08:00,2024-02-28 07:44:00,False
MASS1128,CAMARA IP INTELIGENTE DE SEGURIDAD,54.0,2,2024-02-10 13:21:00,2024-02-26 12:33:00,False
MASS1204,SET DE BANDAS DE EJERCICIOS GRISES,52.0,10,2024-02-09 15:52:00,2024-05-18 12:13:00,False
MASS1479,VARITA MAGICA 10 VELOCIDADES AV ROSA,52.0,31,2024-10-04 21:03:00,2026-05-12 09:52:00,False
MASS0262,LAMPARA LED SUPERFICIAL CUADRADO 6W,52.0,11,2025-01-22 08:17:00,2025-11-18 12:14:00,False
MASS1313,PLANCHA A VAPOR 800W 120ML,52.0,15,2024-03-20 07:30:00,2025-01-04 09:24:00,False
MASS1003,LIMPIADOR DE PANTALLA PORTABLE,52.0,26,2024-11-26 14:22:00,2026-08-12 14:14:00,False
MASS0257,LAMPARA ANTI MOSQUITO,51.0,17,2024-03-20 07:30:00,2025-01-03 09:30:00,False
MASS0212,EXTENSION FORRO DE PENE CON TEXTURA FLEXIBLE,50.0,1,2024-02-09 15:37:00,2024-02-09 15:37:00,False
MASS0904,MASTURBADOR Y ESTIMULADOR ROTATIVO 360 QRBC01,49.0,15,2024-02-21 14:34:00,2025-12-22 13:35:00,False
MASS0065,"""BASE TV INCLINACION 15-42"""" HT-001""",48.0,15,2024-07-13 10:01:00,2026-02-17 13:22:00,False
MASS0586,VARITA MAGICA 10 VELOCIDADES AV MORADO,48.0,32,2025-01-21 13:01:00,2026-07-29 07:45:00,False
MASS0588,VARITA MAGICA 10 VELOCIDADES CARGA USB HXMS18 ROSADO,47.0,16,2024-06-03 13:53:00,2026-05-09 11:35:00,False
MASS1207,SOPORTE DE ESPALDA,42.0,14,2024-03-20 07:30:00,2026-08-22 21:27:00,False
MASS1312,MIMI MAQUINA PARA HACER DONA 6 PCS,41.0,11,2024-03-20 08:52:00,2026-06-23 09:43:00,False
MASS1376,MESA RECTANGULAR PLEGABLE 1.8MTS,40.0,30,2024-01-23 12:44:00,2025-03-19 13:18:00,False
MASS0963,CREMA BLANQUEADORA,39.0,36,2025-02-26 13:26:00,2025-08-04 07:44:00,False
MASS1213,LIMPIADOR LAVADOR DE VASO AUTOMATICO A PRESION,39.0,23,2024-08-23 14:21:00,2026-07-08 09:22:00,False
MASS1105,PIZARRA LED ROJO,38.0,4,2024-01-03 14:32:00,2024-02-26 12:33:00,False
MASS1073,ORGANIZADOR DE ESPECIAS COCINA 40 CM 3 NIVELES (KR-15-4),36.0,24,2024-05-11 08:58:00,2026-04-07 12:51:00,False
MASS1468,VIBRADOR ESTIMULADOR PARA PENE MASAJEADOR BODY-SAFE,36.0,8,2024-02-01 08:17:00,2026-08-05 18:17:00,False
MASS2705,ROLLO DE ESPUMA 3D AUTOADHESIVA JQ-3472-2Y4 40 CM X 3M DE 3MM,36.0,3,2026-06-30 12:36:00,2026-08-10 11:01:00,False
MASS0098,CABLE HDMI BOLSA 1.5 MTS,36.0,12,2024-10-15 12:31:00,2026-05-11 17:09:00,False
MASS0847,ROSA VIBRADORA VAGINA SUCKER MORADO,35.0,1,2024-02-09 15:45:00,2024-02-09 15:45:00,False
MASS0254,"KIT DE FETICHE PARA MUJER, ESPOSAS DE BONDAJE ROJO",34.0,11,2024-02-01 08:17:00,2025-03-13 13:50:00,False
MASS1209,HUMIDIFICADOR T3 600ML BLANCO,33.0,8,2024-08-08 11:14:00,2025-07-05 11:13:00,False
MASS0725,SOPORTE DE CELULAR PARA CARRO 360,30.0,14,2024-06-15 17:19:00,2025-12-02 11:31:00,False
MASS0403,VIBRADOR RABBIT PUNTO G VERDE RABBITB001,30.0,4,2024-02-29 08:18:00,2025-04-09 08:36:00,False
MASS0804,BALA COLORES PASTELES ROJO YCAS4301,30.0,2,2024-02-01 08:17:00,2024-02-09 15:51:00,False
MASS0844,ADAPTADOR DISCO DURO SATA 9.5 MM PARA LAPTOP CADY,30.0,13,2024-10-14 10:04:00,2026-08-22 18:31:00,False
MASS0337,PANTIES VIBRADOR CON CONTROL REMOTO A DISTANCIA ASLCD001 ROSADO,29.0,10,2024-02-01 08:17:00,2026-08-27 18:18:00,False
MASS1114,TERMO NI O MEDUSA,29.0,7,2024-04-15 13:19:00,2025-10-24 08:08:00,False
MASS1208,HUMIDIFICADOR T3 600ML VERDE,29.0,12,2024-08-05 09:35:00,2026-08-25 07:42:00,False
MASS1110,TERMO NI O ANCLA,29.0,12,2024-06-01 09:57:00,2025-12-18 15:21:00,False
MASS1262,TAZA DE CERAMICA CAFE TE CALENTADORA CONEXION USB BLANCO,28.0,18,2024-03-20 07:30:00,2025-07-16 08:21:00,False
MASS0338,PANTIES VIBRADOR CON CONTROL REMOTO A DISTANCIA ASLCD001 MORADO,28.0,11,2024-02-01 08:17:00,2026-06-16 11:09:00,False
MASS0100,CABLE HDMI BOLSA 3MTS,27.0,12,2024-10-15 12:31:00,2025-08-18 11:15:00,False
MASS0972,MOUSE PAD DE CUERO AZUL OSCURO,27.0,13,2024-05-10 08:36:00,2025-03-11 14:32:00,False
MASS1116,TERMO NI O GLOBO AEROSTATICO,27.0,5,2024-04-15 13:19:00,2025-01-03 09:30:00,False
MASS1572,VARITA MAGICA 10 VELOCIDADES CARGA USB HXMS18 NEGRO,26.0,4,2024-03-15 12:18:00,2025-01-22 06:42:00,False
MASS0082,BOMBILLO INTELIGENTE YHW WIFI BLUETOOH 7W,26.0,6,2024-12-07 12:33:00,2025-03-04 09:23:00,False
MASS1454,IMPRESORA TERMICA USB ETIQUETAS AUTOADHESIVAS,26.0,20,2024-04-26 10:18:00,2026-07-22 13:07:00,False
MASS0344,PEGA EN BARRA ELMERS ALL PURPOSE,26.0,24,2025-03-17 09:24:00,2026-06-15 10:24:00,False
MASS1576,BOLSAS SEXSHOP,25.0,5,2024-03-23 08:44:00,2025-06-30 13:17:00,False
MASS0871,EXTINTOR DE ESPUME DESECHABLE 1000ML,25.0,11,2024-03-20 13:45:00,2026-06-12 13:02:00,False
MASS1345,SILLA DE PC MODELO 2001,24.0,6,2024-02-08 10:34:00,2024-03-15 09:11:00,False
MASS0970,SALERO Y PIMENTERO DE ACERO INOXIDABLE MANUAL,24.0,12,2024-10-04 12:16:00,2025-08-15 09:08:00,False
MASS0741,VR BOX,24.0,13,2024-10-04 17:49:00,2025-08-13 11:34:00,False
MASS0995,ABRE LATA PORTATIL CON ABRE TAPA,23.0,8,2024-10-04 12:16:00,2025-07-04 14:58:00,False
MASS1048,PLUG ANAL COLA CONEJITA MORADO CLARO ANALBALL001,23.0,8,2024-02-01 08:17:00,2025-08-18 03:58:00,False
MASS0272,LUCES NAVIDAD LLUVIA 100 PC,22.0,6,2024-10-24 11:53:00,2025-10-27 07:01:00,False
MASS1346,ESCRITORIO GAMER,22.0,17,2024-02-15 15:36:00,2025-11-12 13:53:00,False
MASS1112,TERMO NI O CABALLITO DE MAR,21.0,4,2024-04-15 13:19:00,2024-07-16 15:22:00,False
MASS0712,CINTA LED MULTICOLOR 2M,21.0,13,2025-01-22 08:17:00,2025-05-06 13:20:00,False
MASS1072,ORGANIZADOR DE ESPECIAS COCINA 40 CM 2 NIVELES (KR-15-3),21.0,16,2024-11-13 10:10:00,2026-07-16 12:56:00,False
MASS0375,PLUG ANAL TALLA L AZUL OSCURO,20.0,10,2024-06-13 15:57:00,2025-12-20 10:47:00,False
MASS1232,KIT TECLADO Y MOUSE ALAMBRICO PHILLIPS,20.0,6,2024-07-05 10:32:00,2024-09-03 12:43:00,False
MASS1279,CREMA ANTIARRUGA ACIDO HIALURONICO,20.0,9,2024-03-15 09:11:00,2025-01-03 09:30:00,False
MASS0064,"""BASE TV INCLINACION 32-55"""" HT-002""",20.0,2,2024-03-07 11:35:00,2024-05-10 08:36:00,False
MASS0967,SOPORTE PARA LAVAPLATO BLANCO,20.0,13,2025-02-28 11:09:00,2026-05-04 16:32:00,False
MASS1156,INICIADOR VIBRADOR ANAL DE SILICON YCVA001 NEGRO,20.0,3,2024-02-01 08:17:00,2024-05-07 16:15:00,False
MASS1578,ROLLO DE MAQUINA FISCAL,20.0,5,2024-04-25 09:30:00,2024-11-29 09:30:00,False
MASS0828,CINTA LED 2835 RGB BLUETOOH,19.0,7,2025-01-22 08:17:00,2025-12-19 13:22:00,False
MASS0599,VIBRADOR CONSOLADOR RABBIT JUMP MORADO HQMY2026,19.0,4,2024-03-20 13:45:00,2024-11-26 07:54:00,False
MASS0617,VIDEO BALUM X2 EL PAR,18.0,8,2025-08-06 13:00:00,2026-06-18 09:48:00,False
MASS1629,ROLLO DE PUNTO DE VENTA,18.0,5,2024-03-27 09:03:00,2024-04-25 09:30:00,False
MASS0297,MEMORIA RAM LAPTOP KINGSTON DDR3 2GB 1333,18.0,14,2024-12-13 15:51:00,2026-04-21 12:19:00,False
MASS1115,TERMO NI O BALLENA,17.0,2,2024-04-15 13:19:00,2024-05-18 12:13:00,False
MASS1111,TERMO NI O SUBMARINO,17.0,6,2024-04-15 13:19:00,2026-03-16 11:12:00,False
MASS0966,SOPORTE PARA LAVAPLATO NARANJA,17.0,8,2025-02-25 13:55:00,2026-08-27 19:21:00,False
MASS0170,CONVERTIDOR EUROPEO,16.0,3,2024-12-16 17:14:00,2025-03-10 10:44:00,False
MASS1446,BATIDOR RECARGABLE AZUL,16.0,1,2024-02-09 16:12:00,2024-02-09 16:12:00,False
MASS0838,BALAS DE GEL,16.0,2,2024-11-27 14:47:00,2024-12-06 12:57:00,False
MASS0304,MEMORIA RAM PC KINGSTON DDR3 2GB 1333,15.0,10,2024-11-13 13:50:00,2026-05-29 12:28:00,False
MASS0775,VENDA ELASTICA AUTOHADESIVA NEGRO,15.0,1,2024-05-18 12:13:00,2024-05-18 12:13:00,False
MASS1109,TERMO NI O COHETE,15.0,2,2024-04-15 13:19:00,2024-05-18 12:13:00,False
MASS0748,ESPOSAS SEXUAL DE COLORES ROSADA BDSM39,14.0,2,2024-02-01 08:17:00,2024-02-29 14:24:00,False
MASS1113,TERMO NI O CANGREJO,13.0,4,2024-04-15 13:19:00,2024-09-28 07:58:00,False
MASS1261,TAZA DE CERAMICA CAFE TE CALENTADORA CONEXION USB VERDE,13.0,4,2024-03-20 07:30:00,2025-06-14 09:02:00,False
MASS1495,LAMPARA MP3 LED MAGIC,13.0,4,2024-04-12 11:58:00,2025-01-24 09:26:00,False
MASS1096,CREMA ANTIARRUGAS COLLAGEN 650GR,13.0,5,2024-03-15 09:11:00,2025-11-12 12:05:00,False
MASS1108,SET DE DADOS 1/4 Y 3/8 54 PIEZAS HYPER TOUGH,12.0,2,2024-02-10 08:38:00,2024-02-24 12:59:00,False
MASS0250,KIT CONEXION CAMARA,12.0,5,2025-02-21 08:07:00,2025-02-28 13:01:00,False
MASS1077,ORGANIZADOR DE CUCHILLO MULTIFUNCIONAL PLATEADO,12.0,10,2024-08-08 11:14:00,2026-05-11 07:41:00,False
MASS1097,CREMA ANTIARRUGAS KIWI FRUIT 650GR,12.0,5,2024-03-15 09:11:00,2025-06-13 10:11:00,False
MASS0001,ADAPTADOR DE AUDIFONO 1 A 2 PLUGS,12.0,9,2024-12-30 11:13:00,2025-07-28 09:11:00,False
MASS0107,CABLE USB A SATA 3.0,12.0,5,2024-10-21 11:26:00,2026-02-05 14:39:00,False
MASS1078,ORGANIZADOR DE CUCHILLO MULTIFUNCIONAL NEGRO,11.0,9,2025-01-22 08:17:00,2025-06-20 10:30:00,False
MASS2284,SET 3 PLUG ANAL ALARGADO MORADO,11.0,7,2025-11-25 11:19:00,2026-07-08 08:14:00,False
MASS2283,SET 3 PLUG ANAL ALARGADO ROSADO,11.0,7,2025-11-25 11:19:00,2026-08-24 18:59:00,False
MASS0121,CARGADOR DE RELOJ T500,11.0,7,2024-08-07 11:17:00,2025-06-04 08:43:00,False
MASS2687,LAMINA PISO DE VINIL HHYM3020,11.0,1,2026-08-20 10:20:00,2026-08-20 10:20:00,False
MASS1192,LUCES DE NAVIDAD 100PC,11.0,13,2024-10-22 19:07:00,2025-12-20 12:44:00,False
MASS0740,CABLE DE CELULAR IPHONE ORIGINAL USB-C 1MT,11.0,2,2024-08-14 12:03:00,2024-09-17 11:44:00,False
MASS0996,DISPENSADOR DE JABON LIQUIDO CON ESPONJA,11.0,5,2024-11-27 11:15:00,2025-05-25 14:21:00,False
MASS0990,RELOJ INTELIGENTE D20 ULTRA ROSADO,11.0,7,2024-06-03 08:49:00,2026-05-21 09:38:00,False
MASS0706,HUMIDIFICADOR COLORFUL RGB 260ML,10.0,1,2024-02-09 16:36:00,2024-02-09 16:36:00,False
MASS0187,CORREAS T500 NYLON 42MM *44MM,10.0,1,2024-12-06 13:54:00,2024-12-06 13:54:00,False
MASS0849,ROSA VIBRADORA VAGINA SUCKER NEGRA,10.0,1,2024-02-09 15:45:00,2024-02-09 15:45:00,False
MASS0940,DISPENSADOR DE AGUA DE MESA RECARGABLE,9.0,3,2024-05-10 08:35:00,2026-07-10 10:31:00,False
MASS1317,AUDIFONO GAMER PC PS4 PS3 AZUL CON BLANCO,9.0,3,2024-01-06 08:31:00,2024-02-10 08:38:00,False
MASS0462,REPISA TV VIDRIO Q-08,8.0,4,2025-02-28 13:01:00,2025-09-03 13:53:00,False
MASS1260,TAZA DE CERAMICA CAFE TE CALENTADORA CONEXION USB ROJO,8.0,6,2024-09-30 14:53:00,2025-06-09 09:12:00,False
MASS0003,ADAPTADOR MINI BLUETOOH USB 2.0 DONGLE,8.0,7,2024-10-29 11:44:00,2026-05-30 08:33:00,False
MASS0991,RELOJ INTELIGENTE D20 ULTRA NARANJA,7.0,2,2024-07-26 12:11:00,2024-08-28 09:27:00,False
MASS0941,AUDIFONO GAMER X15,7.0,6,2024-12-13 15:51:00,2025-05-26 11:35:00,False
MASS0773,VENDA ELASTICA AUTOHADESIVA FUCSIA,7.0,2,2024-08-07 11:17:00,2024-11-01 11:16:00,False
MASS0965,SOPORTE PARA LAVAPLATO VERDE,7.0,7,2024-12-04 13:28:00,2026-08-11 13:01:00,False
MASS0647,ANTENA PARA RADIO BAOFENG,7.0,2,2025-02-28 11:09:00,2025-07-17 10:37:00,False
MASS0517,SOPORTE GAMEPAD FOR PS4,7.0,2,2024-08-07 11:17:00,2025-01-22 08:17:00,False
MASS1300,VELOCIMETRO ODOMETRO PARA BICILCETA SD-548B,7.0,5,2024-10-04 23:25:00,2025-06-26 08:49:00,False
MASS0926,FUNDA SUMERGIBLE DE CELULAR ROSADO,6.0,1,2024-08-05 14:21:00,2024-08-05 14:21:00,False
MASS0188,CREYONES COLOR SWELL 24 PCS,6.0,6,2025-04-03 12:55:00,2025-12-01 07:11:00,False
MASS1302,CUCHILLA LICUADORA OSTER,6.0,6,2025-06-18 09:20:00,2025-10-29 08:55:00,False
MASS0983,MICROFONO INALAMBRICO K8 TIPO C,6.0,1,2025-03-19 11:25:00,2025-03-19 11:25:00,False
MASS0978,MOUSE PAD DE CUERO VERDE CLARO,6.0,7,2025-01-15 08:11:00,2025-03-17 11:30:00,False
MASS0774,VENDA ELASTICA AUTOHADESIVA MARRON,5.0,1,2024-08-07 11:17:00,2024-08-07 11:17:00,False
MASS0776,CONTROL REMOTO ROKU,5.0,6,2024-12-16 14:23:00,2025-02-28 11:09:00,False
MASS0659,CABLE DE CELULAR IPHONE YOOBAO C4,5.0,2,2024-12-13 15:51:00,2025-01-11 12:15:00,False
MASS0536,TARJETA DE SONIDO 7.1,5.0,6,2024-10-17 21:35:00,2026-08-05 12:44:00,False
MASS0925,FUNDA SUMERGIBLE DE CELULAR BLANCO,5.0,1,2024-08-05 14:21:00,2024-08-05 14:21:00,False
MASS1098,CREMA ANTIARRUGAS LUXURY 24K GOLD 650GR,5.0,2,2024-03-15 09:11:00,2024-05-10 08:36:00,False
MASS0022,ANTENA MINI USB WIFFI 150 MBPS,5.0,2,2024-12-14 13:28:00,2025-01-03 09:30:00,False
MASS0105,CABLE PCI 24 PIN,5.0,1,2025-02-25 13:55:00,2025-02-25 13:55:00,False
MASS0624,KIT TECLADO Y MOUSE PHILLIPS C254,5.0,1,2024-10-07 07:38:00,2024-10-07 07:38:00,False
MASS0595,VIBRADOR CON ROTACION HAILEY MORADO DIBE DB-1874,5.0,3,2026-07-31 07:22:00,2026-07-31 13:36:00,False
MASS0123,CARGADOR UNIVERSAL PARA TELEFONO,5.0,3,2025-05-22 14:03:00,2025-12-11 13:45:00,False
MASS0176,CONVERTIDOR MINI RCA A HDMI,5.0,2,2025-01-28 14:33:00,2025-02-19 11:13:00,False
MASS0263,LECTOR MEMORIA OTG,4.0,1,2026-06-04 09:15:00,2026-06-04 09:15:00,False
MASS0223,FAN COOLER EXTRACTOR 6CM,4.0,1,2025-02-14 15:01:00,2025-02-14 15:01:00,False
MASS0685,BASE DE LAPTOP BRADA,4.0,2,2025-01-15 14:54:00,2025-02-28 13:01:00,False
MASS0432,RELOJ INTELIGENTE M26+ ROSADO,4.0,1,2025-02-15 09:15:00,2025-02-15 09:15:00,False
MASS0981,HUMIDIFICADOR COLOR FULL RGB SPRAY RECARGABLE ROSADO,4.0,2,2025-03-10 10:44:00,2025-05-20 13:13:00,False
MASS1002,ARO LED 12 RGB,4.0,7,2024-11-06 15:10:00,2025-02-28 10:53:00,False
MASS0929,VIBRADOR NANA PARA CLITORIS 36 MODOS NEGRO,4.0,4,2025-02-21 11:15:00,2025-03-31 08:03:00,False
MASS0026,ARO DE LUZ ECONOMICO,4.0,2,2024-12-14 13:28:00,2025-01-15 08:13:00,False
MASS1034,DISCO DURO SOLIDO BESTOSS 120 GB,4.0,3,2024-12-13 15:51:00,2026-04-28 10:27:00,False
MASS0997,DISPENSADOR DE JABON LIQUIDO CON CEPILLO,4.0,3,2025-05-20 11:22:00,2025-05-25 14:21:00,False
MASS0760,LECTOR CODIGO DE BARRA 2D CODIGO QR,4.0,1,2024-03-13 13:30:00,2024-03-13 13:30:00,False
MASS0976,MOUSE PAD DE CUERO VERDE OSCURO,4.0,3,2024-09-28 06:39:00,2026-06-15 11:00:00,False
MASS0244,KERATINA 1LTS BELLAFEME,4.0,2,2024-10-02 07:58:00,2024-12-18 08:34:00,False
MASS0975,MOUSE PAD DE CUERO ROSADO,4.0,4,2024-09-28 06:39:00,2025-03-12 06:37:00,False
MASS0974,MOUSE PAD DE CUERO MARRON,3.0,3,2024-10-30 14:36:00,2025-08-18 11:15:00,False
MASS0501,SET DE HERRAMIENTAS 113 PIEZAS HYPER TOUGH,3.0,5,2025-06-03 16:56:00,2025-10-22 13:22:00,False
MASS0772,VENDA ELASTICA AUTOHADESIVA AZUL,3.0,1,2024-10-21 11:26:00,2024-10-21 11:26:00,False
MASS0720,CABLE DE CELULAR IPHONE ORIGINAL 2MTS,3.0,3,2025-03-23 21:32:00,2025-04-16 09:48:00,False
MASS0500,SET DE HERRAMIENTAS 107 PIEZAS HYPER TOUGH,3.0,3,2025-02-11 12:31:00,2025-07-05 12:20:00,False
MASS0690,RABBIT PUNTO G 10 VELOCIDADES CON PUYAS YCA45010 NEGRO,3.0,3,2025-05-02 07:55:00,2025-09-25 11:38:00,False
MASS0436,RELOJ INTELIGENTE T200 PLUS SERIE 7 ROJO,3.0,1,2024-12-16 17:14:00,2024-12-16 17:14:00,False
MASS1484,LAPTOP I5 6TA GENERACION,3.0,2,2025-01-20 07:14:00,2025-07-09 09:28:00,False
MASS0313,NINTENDO MINI TV GAME BOX 620 JUEGOS BLUETOOH,3.0,1,2024-12-13 15:51:00,2024-12-13 15:51:00,False
MASS0372,PLUG ANAL TALLA L BLANCO,3.0,3,2025-03-20 06:42:00,2025-06-18 10:06:00,False
MASS0638,AUDIFONO INALAMBRICO N35,3.0,1,2024-09-26 09:49:00,2024-09-26 09:49:00,False
MASS0756,AUDIFONO INALAMBRICO A6S AZUL,2.0,2,2025-01-03 09:30:00,2025-02-28 11:09:00,False
MASS1067,BOMBILLO INTELIGENTE TUYA 10W COMPATIBLE ALEXA WIFFI,2.0,2,2024-10-14 15:00:00,2024-12-26 09:23:00,False
MASS0007,ALEXA ECHO AUTO,2.0,2,2025-03-20 08:43:00,2025-03-20 08:43:00,False
MASS0101,CABLE HDMI BOLSA 5MTS,2.0,1,2024-12-14 13:28:00,2024-12-14 13:28:00,False
MASS1486,LAPTOP I5 11VA GENERACION,2.0,2,2025-01-20 08:27:00,2025-07-09 09:28:00,False
MASS0226,FAN COOLER EXTRACTOR ACRILICO 8CM,2.0,1,2025-02-27 07:27:00,2025-02-27 07:27:00,False
MASS0294,MEMORIA SD KINGSTON 32GB,2.0,1,2024-11-15 09:45:00,2024-11-15 09:45:00,False
MASS0146,CONECTOR DC HEMBRA,2.0,1,2024-11-06 13:34:00,2024-11-06 13:34:00,False
MASS0510,SILBATO DE ENTRENAMIENTO,2.0,2,2025-05-02 07:29:00,2025-06-03 16:39:00,False
MASS0302,MEMORIA RAM LAPTOP KINGSTON DDR4 4GB 2400,2.0,2,2024-10-09 09:13:00,2025-01-06 08:17:00,False
MASS0410,REGADERA CON BLUETOOH ATOMI,2.0,4,2024-12-04 13:49:00,2025-05-02 14:15:00,False
MASS0473,ROUTER INALAMBRICO TP LINK TL-WR940N,2.0,6,2024-12-17 12:26:00,2024-12-17 14:06:00,False
MASS0308,MEMORIA RAM PC KINGSTON DDR4 8GB 2666,2.0,3,2024-11-06 15:10:00,2024-11-09 09:04:00,False
MASS0989,RELOJ INTELIGENTE D20 ULTRA BLANCO,2.0,1,2024-08-28 09:27:00,2024-08-28 09:27:00,False
MASS0444,RELOJ INTELIGENTE T500 + PLUS BLANCO,2.0,1,2024-12-13 15:51:00,2024-12-13 15:51:00,False
MASS0548,TEMPORIZADOR DIGITAL PROGRAMABLE,2.0,2,2024-12-03 19:44:00,2024-12-16 08:55:00,False
MASS0430,RELOJ INTELIGENTE M26+ AZUL,2.0,1,2025-02-15 09:15:00,2025-02-15 09:15:00,False
MASS0471,ROUTER TP LINK AC750 DUAL BAND ARCHER C20 W,2.0,4,2024-12-17 12:26:00,2025-06-27 07:53:00,False
MASS0558,TESTER DIGITAL DT9205A,2.0,4,2026-06-01 14:05:00,2026-06-12 11:23:00,False
MASS0431,RELOJ INTELIGENTE M26+ ROJO,2.0,1,2024-12-16 17:14:00,2024-12-16 17:14:00,False
MASS1052,PLUG ANAL COLA CONEJITA GRIS ANALBALL001,2.0,1,2024-12-19 06:36:00,2024-12-19 06:36:00,False
MASS0860,LAMPARA LED EMPOTRABLE REDONDO 12W,2.0,1,2025-10-23 09:53:00,2025-10-23 09:53:00,False
MASS0909,VASO SILICONE 500 ML DE ESPIRAL ENCOJIBLE NEGRO,2.0,2,2025-03-10 02:32:00,2025-04-10 08:47:00,False
MASS0120,CARGADOR DE RELOJ MI BAND,2.0,2,2024-10-10 13:57:00,2025-02-19 06:29:00,False
MASS1144,RELOJ INTELIGENTE T200 PLUS SERIE 7 VERDE,2.0,1,2025-02-15 09:15:00,2025-02-15 09:15:00,False
MASS1630,MINI CPU CORE I3 6TA 8GB RAM 128GB SSD,1.0,1,2024-07-19 13:06:00,2024-07-19 13:06:00,False
MASS1106,JUEGO DE LLAVES HYPERTOUGH 11 PIEZAS,1.0,1,2025-05-31 09:32:00,2025-05-31 09:32:00,False
MASS2692,TERMO CAROTE ROSADO SIN PITILLO 24OZ A13066,1.0,1,2026-07-07 11:33:00,2026-07-07 11:33:00,False
MASS1690,MINI BALA VIBRADORA AZUL,1.0,1,2025-06-17 10:32:00,2025-06-17 10:32:00,False
MASS0977,MOUSE PAD DE CUERO ROJO,1.0,1,2024-11-21 14:33:00,2024-11-21 14:33:00,False
MASS1122,LAPIZ INFINITO GRIS,1.0,1,2025-05-23 08:59:00,2025-05-23 08:59:00,False
MASS1121,SARTEN HIERRO FUNDIDO MAINSTAYS,1.0,1,2025-06-30 08:58:00,2025-06-30 08:58:00,False
MASS1197,PLUG ANAL TALLA L VERDE CLARO,1.0,1,2025-03-27 08:28:00,2025-03-27 08:28:00,False
MASS1145,RELOJ INTELIGENTE T200 PLUS SERIE 7 BLANCO,1.0,1,2025-02-15 09:15:00,2025-02-15 09:15:00,False
MASS0898,SET DE OLLAS MAINSTAYS 52 PCS,1.0,1,2025-03-17 09:23:00,2025-03-17 09:23:00,False
MASS1001,ARO LED 12,1.0,3,2024-11-06 15:10:00,2024-11-09 09:04:00,False
MASS1252,LICUADORA MAINSTAYS,1.0,1,2025-01-18 09:06:00,2025-01-18 09:06:00,False
MASS1248,CORNETA JBL PORTATIL MODEL 113 VERDE,1.0,1,2026-06-16 07:58:00,2026-06-16 07:58:00,False
MASS1277,AURICULAR PARA RADIO BAOFENG,1.0,1,2025-09-15 21:27:00,2025-09-15 21:27:00,False
MASS0901,MAQUINA DE PIEDRAS PARA EL CABELLO,1.0,1,2024-11-12 13:16:00,2024-11-12 13:16:00,False
MASS0923,FUNDA SUMERGIBLE DE CELULAR VERDE,1.0,1,2024-08-05 14:21:00,2024-08-05 14:21:00,False
MASS0922,FUNDA SUMERGIBLE DE CELULAR AZUL,1.0,1,2024-08-05 14:21:00,2024-08-05 14:21:00,False
MASS0924,FUNDA SUMERGIBLE DE CELULAR MORADO,1.0,1,2025-01-07 12:12:00,2025-01-07 12:12:00,False
MASS1218,"KIT HELADERA DE SILICON (100PALETA, 100 BOLSA, CEPILLO, EMBUDO) TURQUESA",1.0,1,2024-12-13 13:56:00,2024-12-13 13:56:00,False
MASS1123,LAPIZ INFINITO NEGRO,1.0,1,2025-03-03 09:29:00,2025-03-03 09:29:00,False
MASS0689,ARNE INFERIOR SEXY ZCPK01,1.0,1,2025-11-10 14:03:00,2025-11-10 14:03:00,False
MASS0845,ADAPTADOR DISCO DURO SATA 12.7 MM PARA LAPTOP CADY,1.0,3,2025-11-11 08:53:00,2025-11-11 12:17:00,False
MASS0636,LAMPARA MAPA MUNDI VISUALIZACION 3D,1.0,3,2024-11-13 10:10:00,2024-11-13 13:29:00,False
MASS0620,DUCHA PORTATIL 20LTS,1.0,1,2025-03-05 12:42:00,2025-03-05 12:42:00,False
MASS1350,INACTIVO,1.0,1,2025-01-03 09:30:00,2025-01-03 09:30:00,False
MASS0734,LENCERIA 6607,1.0,1,2025-12-26 13:00:00,2025-12-26 13:00:00,False
MASS0729,TRANSMISOR DE CARRO BLUETOOTH M9,1.0,1,2025-04-25 08:32:00,2025-04-25 08:32:00,False
MASS0458,RELOJ INTELIGENTE T500 PLUS ROSADO,1.0,1,2025-02-15 09:15:00,2025-02-15 09:15:00,False
MASS0455,RELOJ INTELIGENTE X8 MAX ROJO,1.0,1,2024-12-16 17:14:00,2024-12-16 17:14:00,False
MASS0451,RELOJ INTELIGENTE X8 MAX NEGRO,1.0,1,2025-02-28 11:09:00,2025-02-28 11:09:00,False
MASS0437,RELOJ INTELIGENTE T200 PLUS SERIE 7 AZUL,1.0,1,2024-12-16 17:14:00,2024-12-16 17:14:00,False
MASS0371,PLUG ANAL TALLA L AMARILLO,1.0,1,2025-06-16 10:47:00,2025-06-16 10:47:00,False
MASS0360,PLANCHA DE CABELLO REMINGTON ORIGINAL S5520,1.0,1,2025-01-03 09:30:00,2025-01-03 09:30:00,False
MASS0268,LONCHERA ELECTRICA NARANJA,1.0,1,2024-12-14 13:28:00,2024-12-14 13:28:00,False
MASS0378,PLUG ANAL TALLA L COLORFUL,1.0,1,2025-04-29 11:53:00,2025-04-29 11:53:00,False
MASS1494,CORNETA LED G BT 2301,1.0,3,2025-01-15 08:11:00,2025-01-15 08:13:00,False
MASS0269,LONCHERA ELECTRICA VERDE,1.0,1,2024-12-14 13:28:00,2024-12-14 13:28:00,False
MASS0196,DISCO DURO SOLIDO KINGSTON 120GB,1.0,1,2025-01-03 09:30:00,2025-01-03 09:30:00,False
MASS0206,ESMERIL 6-AMP 4-1/2-INCH HYPER TOUGH,1.0,3,2025-10-08 07:26:00,2026-08-22 10:13:00,False
MASS2798,BALON DE FÚTBOL CHAMPIONS MULTICOLOR,1.0,1,2026-08-18 09:36:00,2026-08-18 09:36:00,False
MASS1485,LAPTOP I5 10MA GENERACION,1.0,1,2025-01-20 07:04:00,2025-01-20 07:04:00,False
MASS0296,MEMORIA RAM LAPTOP KINGSTON DDR2 2GB 800,0.0,2,2026-06-05 09:41:00,2026-06-09 09:50:00,False
MASS0309,MEMORIA SD KINGSTON 128GB,0.0,2,2024-12-13 10:28:00,2024-12-18 15:10:00,False
