sku,nombre,categoria,pedir_cajas,costo
MASS2603,Estante Metálico 5 Niveles Galvanizado Repisas Estantería Agora,HOGAR,315,6.95
MASS2306,Silla Gamer Gaming Ergonomica Reclinable Varios Colores - Color: Azul - Material del tapizado: Cuero sintético,COMPUTACION,44,62.371224489795914
MASS1324,Pisos Vinil Pvc Autoadhesivo Alto Trafico 2.0mm Resistente - Color: HM3039,GENERAL,92,11.2
MASS1402,Pisos Vinil Pvc Autoadhesivo Alto Trafico 2.0mm Resistente - Color: HM3013,REVESTIMIENTO,94,11.2
MASS1983,Silicon De Poliuretano Global Import 300 Ml Wall Panel,REVESTIMIENTO,69,0.9
MASS1873,MINI MAQUINA DE COSER 12 PUNTADAS,HOGAR,17,10.5
MASS2123,Lamina Pvc Marmolizada Decorativa 2.44m X 1.22m X 3mm - Color: HYDY-2001,REVESTIMIENTO,143,11.5
MASS2213,Maquina De Boxeo Bluetooth Entrenamiento Gimnasio Ejercicio - Color: Negro,JUEGOS Y JUGUETES,76,12.0
MASS0137,Cepillo Secador Brush Buddies One Step Con Aire Frío,ESTETICA Y BELLEZA,12,3.0
MASS1836,"ROLLO PANEL DECORATIVO JQ-90527D1 1,2m x 3m",REVESTIMIENTO,18,5.0
MASS1918,PISO VINIL AUTOADHESIVO 3026  ALTO TRAFICO 2MM GROSOR 914.4MM*152.4MM,REVESTIMIENTO,70,11.2
MASS2294,Reloj Inteligente Smartwatch Bluetooth S9 Ultra 3 Correas - Color de la caja: Rosa,RELOJES INTELIGENTES,152,3.426523517382413
MASS2016,Grabadora Cortador Láser Omtech K40 40w Para Sello Acrílico,OFICINA,4,280.0
MASS2652,Masajeador Oem Terapia Ventosas 1 Unidad Celulitis - Blanco,ESTETICA Y BELLEZA,20,4.85
MASS1976,MAQUINA AFEITAR KEMEI KM-1071 RECARGABLE,ESTETICA Y BELLEZA,6,4.8
MASS2129,"ROLLO PANEL DECORATIVO JQ-YP-165 1,2m x 30m",REVESTIMIENTO,19,4.5
MASS2138,ROLLO DE ESPUMA 3D AUTOADHESIVA JQ-3472-1Y4 40 CM X 3M DE 3MM,REVESTIMIENTO,265,3.7
MASS2477,Rollo Panel Para Pared Piedra Suave Autoadhsivo 2.8m X 60cm - Color: Blanco - Nombre del diseño: 440-106,GENERAL,24,3.8
MASS2113,Telefono Celular Niño Inteligente A16 Pantalla Tactil Camara - Color: Azul,TELEFONOS Y TABLETS,3,15.0
MASS1322,Marcadores Doble Punta Permanente Touch 80 Piezas Colores,GENERAL,14,3.3
MASS2137,ROLLO DE ESPUMA 3D AUTOADHESIVA JQ-3481-1Y12 40 CM X 3M DE 3MM,REVESTIMIENTO,258,3.7
MASS1408,WALL PANEL 8882 MARRON CLARO BEIGE 290*168*23,REVESTIMIENTO,24,2.35
MASS2214,Mini Aire Portátil De Pared Frio Calefaccion - Color: Blanco,GENERAL,10,7.28
MASS1841,"ROLLO PANEL DECORATIVO JQ-YP-160 1,2m x 3m",REVESTIMIENTO,17,5.0
MASS0615,VIBRADOR RECARGABLE 30 VELOCIDADES ROSADO YCYY3001U,GENERAL,5,2.6
MASS2293,Reloj Inteligente Para Niños Q19 Gps Localizador Rastreador - Color de la correa: Turquesa y Gris Oscuro - Color del bisel: Turquesa - Color del fondo: Turquesa,RELOJES INTELIGENTES,3,4.5
MASS1842,"ROLLO PANEL DECORATIVO JQ-YP-162 1,2m x 3m",REVESTIMIENTO,16,5.0
MASS2035,Reloj Olevs Acero Inoxidable Hombre 30m Resistente - Color de la correa: Plateado - Color del bisel: Plateado - Color del fondo: Negro,GENERAL,68,8.987257142857143
MASS1214,PLANCHA DE CABELLO REMINTONG AGUACATE,GENERAL,4,6.2
MASS1896,JUEGO DE OLLA Y ULTENSILIOS DE COCINA,GENERAL,9,4.85
MASS1778,WALL PANEL HYYC018 COLOR MADERA 290*168*23,REVESTIMIENTO,22,2.35
MASS2456,Radio Reproductor Pantalla 7 Pulgadas Bluetooth Mp5 Carro - Color: Blanco,ACCESORIOS PARA VEHICULOS,5,15.5
MASS1875,MAQUINA PARA HACER PASTA SPAGHETTI ACERO INOXIDABLE,COCINA,22,6.4
MASS2601,Flat Wall Panel Pvc Revestimiento Decorativo Paredes - HYC015 - Marrón,REVESTIMIENTO,28,5.5
MASS2342,Freidora Eléctrica Profesional Raf R.5220 5.5l 21600w,RAF,14,12.2
MASS2732,Freidora De Aire Digital Agora Crispy 4.5l+1.8l Doble Vidrio,COCINA,49,33.3
MASS2128,Lamina Pvc Marmolizada Decorativa 2.44m X 1.22m X 3mm - Color: HYLJ-80001T,REVESTIMIENTO,90,11.5
MASS2132,ROLLO DE ESPUMA 3D AUTOADHESIVA 3419-6Y49 40 CM X 3M DE 3MM,REVESTIMIENTO,15,2.35
MASS1071,MOUSE VERTICAL INALAMBRICO RECARGABLE,COMPUTACION,3,3.55
MASS2141,ROLLO PANEL DECORATIVO BD1135,REVESTIMIENTO,10,1.6
MASS1787,Consola De Videojuegos Retro Game Stick M8 1000 Juegos,CONSOLAS Y VIDEOJUEGOS,4,8.65
MASS2604,Estante Organizador Plastico 5 Niveles Armable Negro Agora,GENERAL,88,8.75
MASS1517,Mini Proyector Video Beam Portatil Peliculas Juegos Videos - Color: Amarillo,AUDIO Y VIDEO,5,11.85
MASS0616,Rabbit Vibrador Consolador Punto G 2 Motores Recargable 30v - Color: Morado,ADULTOS,121,2.687179487179487
MASS0825,MAQUINA DE AFEITAR INALAMBRICA KM-1407 3 EN 1,ESTETICA Y BELLEZA,5,3.27
MASS1745,ROLLO PANEL DECORATIVO BD871 NEGRO CON BLANCO,REVESTIMIENTO,139,1.8
MASS2125,Lamina Pvc Marmolizada Decorativa 2.44m X 1.22m X 3mm - Color: HYDY-2006,REVESTIMIENTO,90,11.5
MASS2330,Barra De Dominadas Metal Para Puerta 150 Kg Ajustable - Color: Negro,DEPORTE Y FITNESS,11,5.65
MASS1835,WALL PANEL HYYC025 290*168*23,REVESTIMIENTO,14,2.35
MASS1746,ROLLO PANEL DECORATIVO BD928 GRIS,REVESTIMIENTO,133,1.8
MASS1982,Estabilizador Gimbal 3 Ejes iPhone / Android,ACCESORIOS DE TELEFONOS,3,32.0
MASS2114,Telefono Celular Niño Inteligente A16 Pantalla Tactil Camara - Color: Negro,TELEFONOS Y TABLETS,2,15.0
MASS0701,LUBRICANTE ANAL LOVE MONOGATARI 200ML ZTAO01,ADULTOS,6,0.68
MASS2142,ROLLO PANEL DECORATIVO BD1121,REVESTIMIENTO,9,1.6
MASS1378,MAQUINA KEMEI DE AFEITAR CABELLO SHAVER KEMEI KM-2024,ESTETICA Y BELLEZA,3,5.1
MASS2474,Lamina Para Techo Pvc Machihembrado 2.9m X 21.5 Cm - Color: HYYC032,REVESTIMIENTO,27,4.0
MASS0918,Taza Termica Batidora De Cafe 380ml Usb Recargable Portatil,COCINA,5,2.8
MASS2600,Flat Wall Panel Pvc Revestimiento Decorativo Paredes - HYC070 - Gris Claro,REVESTIMIENTO,25,5.5
MASS2116,Reloj Inteligente Para Niños Q19 Gps Localizador Rastreador - Color de la correa: Azul y Morado - Color del bisel: Morado - Color del fondo: Azul,GENERAL,3,4.5
MASS0334,Nebulizador Portatil Bateria O A Usb Terapia Para El Asma,SALUD,5,3.55
MASS2195,Coche Para Bebe Liviano Plegable Compacto Baobaohao A2 - Color: Negro - Color de la estructura: Negro,HOGAR,17,45.0
MASS2431,Pisos Vinil Pvc Spc Tipo Clip Alto Trafico 5mm - Color: Gris claro - Nombre del diseño: CBS9300,REVESTIMIENTO,70,12.32
MASS0722,EMBALAJE,GENERAL,375,1.0
MASS1800,Audifono Inalambrico Recargable M41 Powerbank Gamer Ipx7 - Color: Negro,AUDIFONOS,4,3.95
MASS2140,ROLLO PANEL DECORATIVO BD1137,REVESTIMIENTO,9,1.6
MASS2124,Lamina Pvc Marmolizada Decorativa 2.44m X 1.22m X 3mm - Color: HYDY-2002,REVESTIMIENTO,77,11.5
MASS1859,SECADORA DE ROPA PORTATIL,HOGAR,5,9.58
MASS2127,Lamina Pvc Marmolizada Decorativa 2.44m X 1.22m X 3mm - Color: HYLJ-80008T,REVESTIMIENTO,75,11.5
MASS2605,Zapatera Armable 7 Niveles Portatil Zapatos Organizador,HOGAR,53,4.5
MASS2226,Audífono Inalámbrico Recargable Bluetooth P2961 Hi-fi - Color: Negro,AUDIFONOS,7,1.85
MASS1171,VIBRADOR RECARGABLE 30 VELOCIDADES NEGRO YCYY3001U,ADULTOS,4,2.6
MASS0584,Vagina Masturbador Sensación Realista Interior,ADULTOS,7,1.9
MASS0290,Celulas Madres Hidratacion Original 1000ml Bellafemme,SALUD,11,3.9
MASS2115,Telefono Infantil A16 Pantalla Tactil Portable - Color: Blanco,GENERAL,3,15.0
MASS1343,MOUSE VERTICAL ALAMBRICO,COMPUTACION,3,2.44
MASS2345,Licuadora Industrial Raf R.92809-110 3l 500w - Color: Negro,RAF,12,8.0
MASS2480,Rollo Panel Para Pared Piedra Suave Autoadhsivo 2.8m X 60cm - Color: Beige - Nombre del diseño: 03-115,REVESTIMIENTO,19,3.8
MASS1795,REFLECTOR SOLAR DE PARED PARA EXTERIORES CON SENSOR DE MOVIMIENTO,ILUMINACION,5,1.02
MASS0737,Onn Tv Stick Android Tv 2k Fhd Straming Chromecast Netflix  - Color: Negro - Tipo de control remoto: De voz,ELECTRONICA,45,15.314754098360657
MASS1876,MAQUINA FABRICADORA DE HIELO PORTATIL,COCINA,18,36.0
MASS1648,Organizador Soporte De Limpieza Escobas Coletos Araganes,HOGAR,9,1.85
MASS2588,Zapatera Perchero Multifuncional 5 Niveles Diseño Antipolvo - Color: Negro,HOGAR,12,4.6
MASS2393,"Rollo Panel Decorativo Vinil Autoadhesivo 1,2m X 3m - Nombre del diseño: JQ-YSZ-3755",REVESTIMIENTO,21,4.5
MASS2219,Ejercitador Pedal Plegable Electrico Piernas Silla,GENERAL,16,41.5
MASS2060,Rasuradora Maquina De Afeitar Eléctrica Mujer Zona Intima - Color: Azul,ESTETICA Y BELLEZA,4,4.8
MASS1829,Glucometro Digital Sinocare 50 Tiras Reactivas + 50 Lancetas - Color: Blanco,SALUD,3,11.0
MASS1747,ROLLO PANEL DECORATIVO BD771 BLANCO,REVESTIMIENTO,123,1.8
MASS1058,Marcadores De Diseño Touch Doble Punta Permanente 24 Piezas,OFICINA,9,1.18
MASS2065,Ventosa De Succión Anticelulitis Vacio Vacumterapia Manual,ESTETICA Y BELLEZA,5,3.8
MASS0291,PISTOLA MASAJEADORA ELECTRICA SY-720 GRIS,SALUD,13,3.9
MASS1476,Consolador Realístico Extra Grande Goma Pene Venoso,ADULTOS,2,6.84
MASS1880,PESO BALANZA CORPORAL DIGITAL NEGRA,GENERAL,14,1.8
MASS2231,Lampara Led Con Panel Solar Sensor Movimiento Control Ip65 - Color de la carcasa: Negro - Color de la luz: Blanco,GENERAL,58,6.721756756756757
MASS2606,Zapatera Armable 5 Niveles Portatil Zapatos Organizador,HOGAR,57,3.68
MASS1418,FOAMI 3D PLH-09 BLANCO 70CM*77CM,REVESTIMIENTO,11,0.39
MASS1980,PARRILLERA PORTATIL,HOGAR,8,3.5
MASS2224,Ejercitador Auxiliar Para Abdominales Ventosa Autosuccion - Color: Negro,DEPORTE Y FITNESS,11,1.88
MASS2063,Mini Impresora Térmica Print Pods Wi-fi Monocromática - Color: Blanco,GENERAL,2,6.4
MASS2622,Maquina Yogurt Digital Raf Vidrio Acero Inoxidable 25w,RAF,35,10.75
MASS2800,MINI UPS 10400MAH NEGRO,ELECTRONICA,136,30.0
MASS1879,Pistola Paint Zoom 650w Hvlp 800ml Pinta Fácil,FERRETERIA,13,60.0
MASS2396,Rollo Wall Panel 3d Autoadhesivo De Espuma Texturizado 3m - Nombre del diseño: JQ-3472-4Y4,REVESTIMIENTO,10,3.7
MASS1351,BASE FAN COOLER PARA LAPTOP H9,COMPUTACION,4,5.0
MASS2117,Reloj Inteligente Para Niños Q19 Gps Localizador Rastreador - Color de la correa: Rosa y morado - Color del bisel: Morado - Color del fondo: Rosa,RELOJES INTELIGENTES,2,4.5
MASS0061,BASE LAPTO M25 ERGOSTAND,COMPUTACION,8,2.45
MASS2369,Mini Wafflera Redonda Antiadherentes 500w R.591-110 Raf - Color: Rojo,RAF,9,3.71
MASS2017,Bolso Kennel Para Transporte De Mascotas Perros Gatos - Color: Azul,HOGAR,3,3.05
MASS2038,Reloj Olevs Acero Inoxidable Hombre 30m Resistente - Color de la correa: Plateado - Color del bisel: Dorado - Color del fondo: Negro,RELOJES INTELIGENTES,45,8.799999999999999
MASS2678,Computadora Dell Optiplex 5060 Core i5 8va Generacion 8gb RAM 128gb SSD,GENERAL,14,149.0
MASS2653,Mini Ups 20000mah Modem Router  NIU Telecom,GENERAL,52,27.391304347826086
MASS2234,Teclado Plegable Recargable Usb Bluetooth Laptop Inalambrico - Color del teclado: Negro - Idioma: Español Latinoamérica,COMPUTACION,3,11.4
MASS2212,Almohada Hilton Gel Quality 30 X 50 Cm Rectangular - Color: Blanco,HOGAR,3,2.0
MASS2243,Masturbador Masculino Silicon 3 En 1 Ano Boca Vagina - Color: Carrne - Tipo de orificio: 3 EN 1,GENERAL,5,2.65
MASS1417,FOAMI 3D PLH-01 NEGRO 70CM*77CM,REVESTIMIENTO,11,0.39
MASS2200,Rodillera Electrica 3 Niveles De Calor Para Dolores Artritis - Color: Negro - Talle: Ajustable,GENERAL,2,2.58
MASS2225,Escalera De Agilidad Coordinacion Entrenamiento 6 Metros - Color: Amarillo,DEPORTE Y FITNESS,6,1.86
MASS2589,Estante Portatil 6 Niveles 2 Columnas Tela Negro - Color: Negro,HOGAR,16,2.5
MASS0610,Consolador Dildo Eyaculador Realistico Nuevo,ADULTOS,2,3.98
MASS1215,Plancha Remington Keratina S-8590 Cerámica - Color: Dorado,ESTETICA Y BELLEZA,3,6.2
MASS1409,WALL PANEL SSL AZUL 095 290*168*23,REVESTIMIENTO,13,2.35
MASS1562,Panel Decorativo 3d En Pvc Hogar Impermeable 50*50cm - Color: Blanco - Nombre del diseño: D094,REVESTIMIENTO,12,0.85
MASS1799,Cargador Panel Solar 6w 6v Para Telefonos Usb Camping - Color: Blanco - Voltaje de circuito abierto: 6V - Voltaje máximo del sistema: 6V,ACCESORIOS DE TELEFONOS,2,3.2
MASS0013,AMAZON FIRE TV STICK,GENERAL,28,27.2
MASS0289,Celulas Madres Hidratacion Original 120ml Bellafemme Alizado,SALUD,12,3.9
MASS2152,ESTERILIZADOR ULTRAVIOLETA PARA CEPILLO DE DIENTES NEGRO,SALUD,4,1.7
MASS1449,Impresora Termica Tickera Para Loteria Parley Usb Tienda - Color: Negro,IMPRESORAS,4,9.5
MASS1355,SECADOR DE PELO HAIRDRYER PX3805,ESTETICA Y BELLEZA,3,2.9
MASS1527,MINI MOTOSIERRA INALAMBRICA PORTATIL 6 EN 1 CON 2 BATERIAS,FERRETERIA,5,14.94
MASS1365,Extensor De Pene Maquina Para Alargado Resultados En 1 Mes,ADULTOS,3,4.65
MASS2366,Máquina Waflera Electrica Cuadrada 750w R.9207h-110 Raf - Color: Negro,RAF,11,4.7
MASS2187,Shampoo Meidu Cubre Canas 3 En 1 500 Ml Color Coffee - Color: Negro,ESTETICA Y BELLEZA,262,1.9
MASS2036,Reloj Olevs Acero Inoxidable Hombre 30m Resistente - Color de la correa: Plateado - Color del bisel: Plateado - Color del fondo: Verde,RELOJES INTELIGENTES,47,8.979000000000001
MASS2232,"LUCES SOLARES PARA EL HOGAR, LÁMPARA DE ENERGÍA SOLAR IP65, RESISTENTE AL AGUA, PARA INTERIOR Y EXTERIOR  20CM 100W",ILUMINACION,69,3.717901234567901
MASS1878,TIMBRE INTERCOMUNICADOR INTELIGENTE CON CAMARA WIFFI IP,HOGAR,4,4.5
MASS0721,DELIVERY,GENERAL,121,1.0
MASS2733,Maquina Cafetera Espresso Raf Electrica Espumador R.136,RAF,13,46.0
MASS0247,Kit Cinta Led Multicolor 2835 Rollo 5m Control 12v Rgb,GENERAL,94,2.348564593301435
MASS2018,Bolso Kennel Para Transporte De Mascotas Perros Gatos - Color: Rosa,HOGAR,3,3.05
MASS0994,BALANZA DE COCINA 10KG P20 ELEGANTE,GENERAL,7,2.2
MASS1060,Marcadores Doble Punta Permanente 48 Piezas Diseño Touch,GENERAL,8,2.08
MASS1019,BATIDORA DE MANO ELECTRICA NEGRO,COCINA,4,3.4
MASS2321,Masajeador Facial Ems Forma V Microcorriente Reafirmante,ESTETICA Y BELLEZA,4,4.8
MASS1125,BALANZA DE COCINA 5KG ELEGANTE,GENERAL,5,2.8
MASS2416,Wall Panel Redondo Pvc Revestimiento Decorativo Paredes - Nombre del diseño: HYYC-080,REVESTIMIENTO,17,4.8
MASS1931,Vibrador Consolador Realistico Pene Base Control - Color: Carne,GENERAL,5,2.45
MASS1124,SILLA CAMPING OZARK TRAIL NEGRA,DEPORTE Y FITNESS,10,3.2
MASS1554,Corrector De Postura Y Espalda Ajustable Inteligente - Talla: Unica,GENERAL,2,2.18
MASS2421,Wall Panel Redondo Pvc Revestimiento Decorativo Paredes - Nombre del diseño: HYYC-065,REVESTIMIENTO,17,4.8
MASS1830,Juego De Dados Maleta  53 Piezas Con Llave De 1/4 Mecanicos - Color: Naranja,FERRETERIA,11,3.1
MASS1414,Panel Decorativo 3d En Pvc Hogar Impermeable 50*50cm - Color: Negro - Nombre del diseño: D094,REVESTIMIENTO,10,0.9
MASS2217,Escaladora Vertical Ejercicio Aerobico Y Cardio Blanco - Color: Blanco,GENERAL,13,29.5
MASS0367,Set 3 Plug Anal Joya De Diamante  - Color: Violeta oscuro,ADULTOS,4,3.03
MASS1687,CONSOLADOR REALISTICO GRANDE CON BASE CHUPON,GENERAL,3,3.0
MASS2436,Lámpara De Techo Led Colgante Moderna Inteligente Sala - Color de la estructura: Negro,GENERAL,5,17.0
MASS2785,Camara Seguridad Tp-link Tapo C402 Kit Inalambrica Wifi,AUDIO Y VIDEO,40,51.96999999999999
MASS2418,Wall Panel Redondo Pvc Revestimiento Decorativo Paredes - Nombre del diseño: HYYC-070,REVESTIMIENTO,17,4.8
MASS0359,Plancha De Cabello Remington Flat Iron Cerámica S5500,GENERAL,47,13.749642857142858
MASS1348,Juego De Dados Aiwa 40piezas Tamaño Metrico 1/4 3/8 - Color: Plateado,GENERAL,9,1.78
MASS2241,Plug Anal Vibrador Hush 2 Recargable Aplicacion - Color: Negro,ADULTOS,2,2.5275925925925926
MASS2420,Wall Panel Redondo Pvc Revestimiento Decorativo Paredes - Nombre del diseño: HYYC-064,REVESTIMIENTO,17,4.8
MASS2037,Reloj Olevs Acero Inoxidable Hombre 30m Resistente - Color de la correa: Plateado - Color del bisel: Dorado - Color del fondo: Azul,GENERAL,41,9.335471698113206
MASS2419,Wall Panel Redondo Pvc Revestimiento Decorativo Paredes - Nombre del diseño: HYYC-063,REVESTIMIENTO,17,4.8
MASS2417,Wall Panel Redondo Pvc Revestimiento Decorativo Paredes - Nombre del diseño: HYYC-071,REVESTIMIENTO,17,4.8
MASS2112,Telefono Celular Niño Inteligente A16 Pantalla Tactil Camara - Color: Rosa,GENERAL,2,15.0
MASS2359,Plancha De Ropa Vertical A Vapor Raf 800w R.91313-110 - Color: Gris oscuro,RAF,8,3.48
MASS1722,RABBIT VIBRADOR WOMEN 10 VELOCIDADES VERDE,ADULTOS,2,4.98
MASS1856,RELOJ INTELIGENTE S9 GRIS INCLUYE 3 CORREAS,RELOJES INTELIGENTES,66,3.7273
MASS2380,Maquina De Afeitar Patillera Sin Pantalla Raf 5w R.430 R.429 - Color: R.429,RAF,4,1.78
MASS2422,Wall Panel Redondo Pvc Revestimiento Decorativo Paredes - Nombre del diseño: HYYC-069,REVESTIMIENTO,16,4.8
MASS2192,Bolso Impermeable Bolsillo Vertical Puerto Usb - Color: Negro - Diseño de la tela: Satin,COMPUTACION,86,2.8
MASS3028,"WALL PANEL CHINO GRANDE MARRON CLARO HL-Z-159-9-A 16CM*2,3CM*2,9M COLOR 2030",REVESTIMIENTO,21,5.77
MASS0745,Consolador Dildo De Cristal Plug Anal Corazon Juego Sexual  - Color: trasnsparente,ADULTOS,4,2.2
